...1,MONTH,YEAR,STREAM,POOL,TRAP,ATY,XIPH,CRAB,MACcarc,MACcren,MAChet,MPOEYI,MACfau,INNO,SCABRA,SAMPLED
51,2,2007,B5,-9,1,0,0,0,0,0,0,0,0,0,0,1
52,2,2007,B5,-9,2,0,0,0,0,0,0,0,0,0,0,1
53,2,2007,B5,-9,3,0,0,0,0,0,0,0,0,0,0,1
54,2,2007,B5,-6,1,0,0,0,1,0,0,0,2,0,0,1
55,2,2007,B5,-6,2,0,3,0,0,0,0,0,4,0,0,1
56,2,2007,B5,-6,3,0,0,0,1,0,0,0,1,0,0,1
57,2,2007,B5,0,1,0,7,0,0,0,0,0,1,0,0,1
58,2,2007,B5,0,2,0,1,0,0,0,0,0,0,0,0,1
59,2,2007,B5,0,3,0,4,0,0,0,0,0,0,0,0,1
60,2,2007,B5,0,4,0,4,0,0,0,0,0,4,0,0,1
61,2,2007,B5,0,5,0,2,0,0,0,0,0,0,0,0,1
62,2,2007,B5,0,6,0,1,0,0,0,0,0,1,0,0,1
63,2,2007,B5,0,7,0,3,0,0,0,0,0,0,0,0,1
64,2,2007,B5,0,8,0,1,0,0,1,0,0,0,0,0,1
65,2,2007,B5,8,1,0,0,0,0,0,0,0,1,0,0,1
66,2,2007,B5,8,2,2,0,0,0,0,0,0,1,0,0,1
67,2,2007,B5,13,1,1,0,0,0,0,0,0,0,0,0,1
68,2,2007,B5,13,2,1,0,0,0,0,0,0,0,0,0,1
69,2,2007,B5,13,3,0,0,0,0,0,0,0,0,0,0,1
70,2,2007,B5,13,4,1,0,0,0,0,0,0,0,0,0,1
71,2,2007,B5,13,5,0,0,0,0,0,0,0,0,0,0,1
72,2,2007,B5,15,1,0,0,0,0,0,0,0,0,0,0,1
73,2,2007,B5,15,2,1,0,0,0,0,0,0,0,0,0,1
74,2,2007,B5,15,3,4,0,0,0,0,0,0,0,0,0,1
75,2,2007,B5,15,4,6,1,0,0,0,0,0,0,0,0,1
76,11,2007,B5,-9,1,0,0,0,0,0,0,0,0,0,0,1
77,11,2007,B5,-9,2,0,0,0,0,0,0,0,0,0,0,1
78,11,2007,B5,-9,3,0,0,0,0,0,0,0,0,0,0,1
79,11,2007,B5,-6,1,0,0,0,0,0,0,0,0,0,0,1
80,11,2007,B5,-6,2,0,0,0,0,0,0,0,0,0,0,1
81,11,2007,B5,-6,3,0,2,0,0,0,0,0,0,0,0,1
82,11,2007,B5,0,1,0,0,0,0,0,0,0,0,0,0,1
83,11,2007,B5,0,2,0,0,0,0,0,0,0,0,0,0,1
84,11,2007,B5,0,3,0,0,0,0,0,0,0,0,0,0,1
85,11,2007,B5,0,4,0,0,0,0,0,0,0,0,0,0,1
86,11,2007,B5,0,5,0,0,0,0,0,0,0,0,0,0,1
87,11,2007,B5,0,6,0,1,0,0,0,0,0,0,0,0,1
88,11,2007,B5,0,7,0,0,0,0,0,0,0,0,0,0,1
89,11,2007,B5,0,8,0,0,0,0,0,0,0,0,0,0,1
90,11,2007,B5,8,1,0,0,0,0,0,0,0,0,0,0,1
91,11,2007,B5,8,2,0,0,0,0,0,0,0,0,0,0,1
92,11,2007,B5,13,1,2,0,0,0,0,0,0,0,0,0,1
93,11,2007,B5,13,2,0,0,0,0,0,0,0,0,0,0,1
94,11,2007,B5,13,3,0,0,0,0,0,0,0,0,0,0,1
95,11,2007,B5,13,4,0,0,0,0,0,0,0,0,0,0,1
96,11,2007,B5,13,5,1,0,0,0,0,0,0,0,0,0,1
97,11,2007,B5,15,1,0,0,0,0,0,0,0,0,0,0,1
98,11,2007,B5,15,2,7,0,0,0,0,0,0,0,0,0,1
99,11,2007,B5,15,3,2,0,0,0,0,0,0,0,0,0,1
100,11,2007,B5,15,4,0,0,0,0,0,0,0,0,0,0,1
101,2,2007,QP,-9,1,82,30,0,0,0,0,0,0,0,0,1
102,2,2007,QP,-9,2,78,60,0,0,0,0,0,0,0,0,1
103,2,2007,QP,-9,3,38,13,0,0,0,0,0,0,0,0,1
104,2,2007,QP,-9,4,43,30,0,0,0,0,0,0,0,0,1
105,2,2007,QP,-9,5,26,39,0,0,0,0,0,0,0,0,1
106,2,2007,QP,-9,6,11,23,0,0,0,0,0,0,0,0,1
107,2,2007,QP,-6,1,33,36,0,0,1,0,0,0,0,0,1
108,2,2007,QP,-6,2,27,49,0,0,0,0,0,0,0,0,1
109,2,2007,QP,-6,3,20,57,0,0,0,0,0,0,0,0,1
110,2,2007,QP,0,1,4,8,0,0,0,0,0,0,0,0,1
111,2,2007,QP,0,2,9,13,0,0,0,0,0,0,0,0,1
112,2,2007,QP,0,3,41,12,0,0,0,0,0,0,0,0,1
113,2,2007,QP,0,4,61,21,0,0,0,0,0,0,0,0,1
114,2,2007,QP,0,5,85,50,0,0,1,0,0,0,0,0,1
115,2,2007,QP,0,6,102,27,0,0,0,0,0,0,0,0,1
116,2,2007,QP,0,7,30,6,0,0,0,0,0,0,0,0,1
117,2,2007,QP,0,8,36,7,0,0,0,0,0,0,0,0,1
118,2,2007,QP,0,9,24,6,0,0,0,0,0,0,0,0,1
119,2,2007,QP,0,10,4,6,0,0,0,0,0,0,0,0,1
120,2,2007,QP,0,11,2,13,0,0,0,0,0,0,0,0,1
121,2,2007,QP,0,12,3,6,0,0,0,0,0,0,0,0,1
122,2,2007,QP,0,13,6,3,0,0,0,0,0,0,0,0,1
123,2,2007,QP,0,14,9,11,0,0,0,0,0,0,0,0,1
124,2,2007,QP,0,15,45,6,0,0,0,0,0,0,0,0,1
125,2,2007,QP,0,16,26,14,0,0,0,0,0,0,0,0,1
126,2,2007,QP,0,17,3,5,0,0,0,0,0,0,0,0,1
127,2,2007,QP,0,18,5,6,0,0,0,0,0,0,0,0,1
128,2,2007,QP,0,19,3,10,0,0,1,0,0,0,0,0,1
129,2,2007,QP,0,20,24,19,0,0,0,0,0,0,0,0,1
130,2,2007,QP,0,21,20,38,0,0,0,0,0,0,0,0,1
131,2,2007,QP,0,22,3,6,0,0,0,0,0,0,0,0,1
132,2,2007,QP,0,23,2,8,0,0,0,0,0,0,0,0,1
133,2,2007,QP,0,24,65,54,0,0,0,0,0,0,0,0,1
134,2,2007,QP,0,25,31,27,0,0,0,0,0,0,0,0,1
135,2,2007,QP,0,26,7,6,0,0,0,0,0,0,0,0,1
136,2,2007,QP,0,27,7,3,0,0,0,0,0,0,0,0,1
137,2,2007,QP,0,28,3,21,0,0,0,0,0,0,0,0,1
138,2,2007,QP,0,29,28,20,0,0,0,0,0,0,0,0,1
139,2,2007,QP,0,30,149,62,1,0,0,0,0,0,0,0,1
140,2,2007,QP,0,31,13,119,0,0,0,0,0,0,0,0,1
141,2,2007,QP,0,32,94,93,0,0,0,0,0,0,0,0,1
142,2,2007,QP,0,33,75,51,0,0,0,0,0,0,0,0,1
143,2,2007,QP,0,34,59,49,0,0,0,0,0,0,0,0,1
144,2,2007,QP,0,35,50,62,0,0,0,0,0,0,0,0,1
145,2,2007,QP,8,1,5,3,0,0,0,0,0,0,0,0,1
146,2,2007,QP,8,2,29,9,0,0,0,0,0,0,0,0,1
147,2,2007,QP,8,3,8,7,0,1,0,0,0,0,0,0,1
148,2,2007,QP,13,1,42,37,0,0,0,0,0,0,0,0,1
149,2,2007,QP,13,2,62,64,0,0,0,0,0,0,0,0,1
150,2,2007,QP,15,1,69,41,0,0,0,0,0,0,0,0,1
151,2,2007,QP,15,2,129,55,0,0,0,0,0,0,0,0,1
152,11,2007,QP,-9,1,8,7,0,0,1,0,0,0,0,0,1
153,11,2007,QP,-9,2,24,7,0,0,0,0,0,0,0,0,1
154,11,2007,QP,-9,3,10,15,0,0,0,0,0,0,0,0,1
155,11,2007,QP,-9,4,12,7,0,0,1,0,0,0,0,0,1
156,11,2007,QP,-9,5,60,25,0,0,0,0,0,0,0,0,1
157,11,2007,QP,-9,6,11,24,0,0,0,0,0,0,0,0,1
158,11,2007,QP,-6,1,8,16,0,0,0,0,0,0,0,0,1
159,11,2007,QP,-6,2,24,28,0,0,3,0,0,0,0,0,1
160,11,2007,QP,-6,3,11,26,0,0,1,0,0,0,0,0,1
161,11,2007,QP,0,1,0,3,0,0,0,0,0,0,0,0,1
162,11,2007,QP,0,2,36,6,0,0,0,0,0,0,0,0,1
163,11,2007,QP,0,3,17,17,0,0,0,0,0,0,0,0,1
164,11,2007,QP,0,4,0,1,0,0,0,0,0,0,0,0,1
165,11,2007,QP,0,5,14,11,0,0,0,0,0,0,0,0,1
166,11,2007,QP,0,6,49,20,0,0,0,0,0,0,0,0,1
167,11,2007,QP,0,7,12,7,0,0,0,0,0,0,0,0,1
168,11,2007,QP,0,8,41,18,0,0,0,0,0,0,0,0,1
169,11,2007,QP,0,9,8,12,0,0,0,0,0,0,0,0,1
170,11,2007,QP,0,10,5,18,1,0,0,0,0,0,0,0,1
171,11,2007,QP,0,11,10,9,0,0,0,0,0,0,0,0,1
172,11,2007,QP,0,12,19,4,0,0,0,0,0,0,0,0,1
173,11,2007,QP,0,13,31,14,0,0,0,0,0,0,0,0,1
174,11,2007,QP,0,14,13,76,0,0,0,0,0,0,0,0,1
175,11,2007,QP,0,15,43,131,0,0,0,0,0,0,0,0,1
176,11,2007,QP,0,16,20,64,0,0,0,0,0,0,0,0,1
177,11,2007,QP,0,17,23,24,0,0,0,0,0,0,0,0,1
178,11,2007,QP,0,18,40,55,1,0,0,0,0,0,0,0,1
179,11,2007,QP,0,19,28,70,0,0,0,0,0,0,0,0,1
180,11,2007,QP,0,20,5,21,0,0,0,0,0,0,0,0,1
181,11,2007,QP,0,21,19,40,0,0,0,0,0,0,0,0,1
182,11,2007,QP,0,22,19,9,0,0,0,0,0,0,0,0,1
183,11,2007,QP,0,23,13,15,0,0,0,0,0,0,0,0,1
184,11,2007,QP,0,24,3,19,1,0,0,0,0,0,0,0,1
185,11,2007,QP,0,25,19,23,0,0,0,0,0,0,0,0,1
186,11,2007,QP,0,26,35,15,0,0,0,0,0,0,0,0,1
187,11,2007,QP,0,27,5,28,0,0,0,0,0,0,0,0,1
188,11,2007,QP,0,28,4,18,0,0,0,0,0,0,0,0,1
189,11,2007,QP,0,29,4,30,0,0,0,0,0,0,0,0,1
190,11,2007,QP,0,30,39,17,1,0,0,0,0,0,0,0,1
191,11,2007,QP,0,31,8,36,0,0,0,0,0,0,0,0,1
192,11,2007,QP,0,32,30,113,0,0,0,0,0,0,0,0,1
193,11,2007,QP,0,33,39,8,0,0,0,0,0,0,0,0,1
194,11,2007,QP,0,34,23,6,0,0,0,0,0,0,0,0,1
195,11,2007,QP,8,1,36,18,0,0,0,0,0,0,0,0,1
196,11,2007,QP,8,2,10,32,0,0,0,0,0,0,0,0,1
197,11,2007,QP,8,3,42,45,0,0,0,0,0,0,0,0,1
198,11,2007,QP,13,1,77,39,0,0,0,0,0,0,0,0,1
199,11,2007,QP,13,2,36,23,0,0,0,0,0,0,0,0,1
200,11,2007,QP,15,1,123,33,0,0,0,0,0,0,0,0,1
201,11,2007,QP,15,2,72,25,1,0,0,0,0,0,0,0,1
243,3,2008,QP,13,1,59,82,0,0,0,0,0,0,0,0,1
247,3,2008,QP,0,27,9,24,0,0,0,0,0,0,0,0,1
248,11,2008,B5,8,2,0,0,0,0,5,0,0,0,0,0,1
249,3,2008,QP,0,1,18,1,0,1,0,0,0,0,0,0,1
250,3,2008,QP,0,15,5,3,0,0,0,0,0,0,0,0,1
251,3,2008,QP,13,2,46,15,1,0,0,0,0,0,0,0,1
252,3,2008,QP,15,1,44,75,0,0,0,0,0,0,0,0,1
255,3,2008,QP,15,2,157,75,0,0,0,0,0,0,0,0,1
258,11,2008,B5,8,1,0,0,0,0,2,0,0,0,0,0,1
259,3,2008,QP,8,3,26,52,0,0,0,0,0,0,0,0,1
265,3,2008,B5,-6,3,0,2,0,0,0,0,0,0,0,0,1
266,3,2008,B5,13,2,0,1,0,0,0,0,0,0,0,0,1
267,3,2008,B5,13,5,0,0,0,0,0,0,0,0,0,0,1
270,3,2008,QP,0,17,1,1,0,0,0,0,0,0,0,0,1
271,3,2008,QP,0,25,1,1,0,0,0,0,0,0,0,0,1
272,3,2008,QP,8,2,2,8,0,0,0,0,0,0,0,0,1
275,3,2008,B5,8,2,0,0,0,0,0,0,0,0,0,0,1
276,11,2008,QP,13,1,26,13,0,0,0,0,0,0,0,0,1
279,11,2008,QP,0,17,22,22,0,0,0,0,0,0,0,0,1
280,3,2008,QP,0,10,5,23,0,0,0,0,0,0,0,0,1
281,3,2008,QP,0,19,4,1,0,0,0,0,0,0,0,0,1
282,3,2008,QP,0,31,33,36,0,0,0,0,0,0,0,0,1
287,3,2008,B5,-9,3,0,0,0,0,0,0,0,0,0,0,1
288,11,2008,QP,0,16,1,9,0,0,0,0,0,0,0,0,1
289,3,2008,QP,0,12,2,8,0,1,0,0,0,0,0,0,1
292,11,2008,QP,13,2,24,37,0,0,0,0,0,0,0,0,1
293,3,2008,QP,0,9,7,47,0,0,0,0,0,0,0,0,1
296,3,2008,QP,8,1,30,4,0,0,0,0,0,0,0,0,1
297,3,2008,QP,-6,3,8,41,0,1,0,0,0,0,0,0,1
301,11,2008,QP,0,13,4,1,0,0,0,0,0,0,0,0,1
302,11,2008,QP,0,19,52,132,0,0,0,0,0,0,0,0,1
303,11,2008,QP,-9,1,0,5,0,0,0,0,0,0,0,0,1
307,3,2008,QP,0,4,10,3,0,0,0,0,0,0,0,0,1
308,11,2008,QP,0,15,3,15,0,0,0,0,0,0,0,0,1
309,11,2008,QP,-6,3,23,21,0,0,0,0,0,0,0,0,1
310,3,2008,QP,0,2,31,74,0,0,0,0,0,0,0,0,1
311,3,2008,QP,0,22,0,1,0,0,0,0,0,0,0,0,1
312,3,2008,QP,0,24,0,2,0,0,0,0,0,0,0,0,1
313,11,2008,QP,0,9,0,5,0,0,0,0,0,0,0,0,1
314,11,2008,QP,8,3,10,1,0,0,0,0,0,0,0,0,1
317,3,2008,QP,0,28,6,48,0,0,0,0,0,0,0,0,1
318,3,2008,QP,0,32,43,244,0,0,0,0,0,0,0,0,1
319,3,2008,B5,-6,1,0,3,0,0,0,0,0,0,0,0,1
320,11,2008,QP,0,12,1,1,0,0,0,0,0,0,0,0,1
321,11,2008,QP,0,21,21,72,0,0,0,0,0,0,0,0,1
322,11,2008,QP,8,2,33,1,0,0,0,0,0,0,0,0,1
324,11,2008,B5,13,3,2,0,0,0,0,0,0,0,0,0,1
325,3,2008,QP,-9,1,21,10,0,0,0,0,0,0,0,0,1
331,3,2008,B5,15,1,1,1,0,0,0,0,0,0,0,0,1
332,11,2008,QP,0,2,59,129,0,0,0,0,0,0,0,0,1
333,11,2008,QP,0,11,1,18,0,0,0,0,0,0,0,0,1
337,3,2008,QP,-9,2,11,33,0,0,0,0,0,0,0,0,1
338,11,2008,QP,0,29,0,34,0,0,0,0,0,0,0,0,1
339,11,2008,QP,8,1,20,6,0,0,0,0,0,0,0,0,1
340,11,2008,QP,0,1,14,24,0,0,0,0,0,0,0,0,1
342,3,2008,QP,-6,1,5,16,0,3,1,0,0,0,0,0,1
343,3,2008,QP,-6,2,46,40,0,2,0,0,0,0,0,0,1
346,11,2008,QP,0,14,3,14,0,0,0,0,0,0,0,0,1
347,11,2008,QP,-9,2,27,25,0,0,0,0,0,0,0,0,1
349,3,2008,QP,0,29,21,77,0,0,0,0,0,0,0,0,1
351,11,2008,QP,-9,4,54,48,0,0,0,0,0,0,0,0,1
352,3,2008,QP,0,14,12,22,0,0,0,0,0,0,0,0,1
353,3,2008,QP,0,23,39,40,0,0,0,0,0,0,0,0,1
354,3,2008,B5,0,7,0,0,0,0,0,0,0,0,0,0,1
355,11,2008,QP,0,30,53,52,0,0,0,0,0,0,0,0,1
356,11,2008,QP,0,34,60,12,0,0,0,0,0,0,0,0,1
357,11,2008,QP,15,1,53,71,0,0,0,0,0,0,0,0,1
358,3,2008,QP,0,30,22,90,0,0,0,0,0,0,0,0,1
359,11,2008,QP,15,2,33,40,1,0,0,0,0,0,0,0,1
361,11,2008,B5,0,4,0,1,0,0,0,0,0,0,0,0,1
362,11,2008,QP,0,18,89,107,0,0,0,0,0,0,0,0,1
363,3,2008,QP,0,33,32,114,0,0,0,0,0,0,0,0,1
364,11,2008,QP,0,10,19,18,0,0,0,0,0,0,0,0,1
365,11,2008,QP,-6,1,10,34,0,0,0,0,0,0,0,0,1
367,3,2008,QP,0,26,8,32,0,0,0,0,0,0,0,0,1
368,3,2008,B5,-9,1,0,0,0,0,0,0,0,0,0,0,1
369,11,2008,QP,-6,2,18,18,0,0,0,0,0,0,0,0,1
371,3,2008,QP,0,3,29,56,0,0,0,0,0,0,0,0,1
372,3,2008,QP,0,7,17,15,0,0,0,0,0,0,0,0,1
373,3,2008,QP,0,18,11,11,0,0,0,0,0,0,0,0,1
374,3,2008,QP,0,21,18,20,0,0,0,0,0,0,0,0,1
377,3,2008,B5,-9,2,0,0,0,0,0,0,0,0,0,0,1
378,3,2008,B5,8,1,0,0,0,0,0,0,0,0,0,0,1
379,11,2008,QP,0,33,1,1,0,0,0,0,0,0,0,0,1
382,3,2008,QP,0,34,24,70,0,0,0,0,0,0,0,0,1
383,11,2008,QP,0,3,85,0,0,0,0,0,0,0,0,0,1
384,11,2008,B5,13,2,0,1,0,0,0,0,0,0,0,0,1
385,3,2008,B5,0,3,0,0,0,0,0,0,0,0,0,0,1
386,3,2008,B5,13,3,1,5,0,0,0,0,0,0,0,0,1
387,11,2008,QP,-9,3,4,14,0,0,0,0,0,0,0,0,1
388,3,2008,QP,0,6,30,22,0,0,0,0,0,0,0,0,1
389,3,2008,QP,0,11,9,13,0,1,0,0,0,0,0,0,1
390,3,2008,QP,0,20,3,11,0,0,0,0,0,0,0,0,1
391,11,2008,QP,0,5,8,8,0,0,0,0,0,0,0,0,1
392,11,2008,B5,-9,3,0,0,0,0,0,0,0,0,0,0,1
393,11,2008,B5,0,1,0,3,0,0,0,0,0,0,0,0,1
394,3,2008,QP,0,5,24,12,0,0,0,0,0,0,0,0,1
395,3,2008,QP,0,8,40,31,0,0,0,0,0,0,0,0,1
396,3,2008,QP,0,16,9,6,0,0,0,0,0,0,0,0,1
398,11,2008,QP,0,28,1,9,0,0,0,0,0,0,0,0,1
401,3,2008,B5,-6,2,0,6,0,0,0,0,0,0,0,0,1
402,11,2008,QP,0,20,98,128,0,0,0,0,0,0,0,0,1
403,11,2008,B5,15,2,1,3,0,0,0,0,0,0,0,0,1
404,11,2008,QP,0,8,34,14,0,0,0,0,0,0,0,0,1
405,11,2008,B5,15,1,1,0,0,0,0,0,0,0,0,0,1
406,3,2008,QP,-9,3,34,30,0,0,0,0,0,0,0,0,1
407,3,2008,B5,0,1,0,1,0,0,0,0,0,0,0,0,1
408,3,2008,B5,13,4,4,1,0,0,0,0,0,0,0,0,1
409,11,2008,QP,0,22,71,39,0,0,0,0,0,0,0,0,1
411,11,2008,QP,-9,6,3,23,0,0,0,0,0,0,0,0,1
412,3,2008,QP,-9,5,35,39,0,0,0,0,0,0,0,0,1
413,3,2008,B5,0,4,0,0,0,0,0,0,0,0,0,0,1
414,3,2008,B5,15,4,2,0,0,0,0,0,0,0,0,0,1
416,3,2008,B5,15,2,1,0,0,0,0,0,0,0,0,0,1
417,11,2008,QP,0,23,54,30,0,0,0,0,0,0,0,0,1
419,11,2008,B5,-6,1,0,0,0,0,0,0,0,0,0,0,1
420,11,2008,B5,-6,3,0,2,0,0,0,0,0,0,0,0,1
421,3,2008,QP,-9,4,25,42,0,0,0,0,0,0,0,0,1
422,3,2008,B5,0,2,0,2,0,0,0,0,0,0,0,0,1
423,11,2008,QP,0,25,21,18,0,0,0,0,0,0,0,0,1
424,11,2008,QP,0,26,9,10,0,0,0,0,0,0,0,0,1
425,11,2008,QP,0,7,93,14,0,0,0,0,0,0,0,0,1
427,3,2008,QP,0,13,23,8,0,0,0,0,0,0,0,0,1
428,11,2008,QP,0,6,39,8,0,0,0,0,0,1,0,0,1
429,11,2008,QP,0,27,64,33,0,0,0,0,0,0,0,0,1
432,11,2008,QP,0,32,36,11,0,0,0,0,0,0,0,0,1
434,11,2008,B5,-9,2,0,0,0,0,0,0,0,0,0,0,1
435,11,2008,B5,13,4,1,1,0,0,0,0,0,0,0,0,1
436,11,2008,B5,0,7,0,0,0,0,0,0,0,0,0,0,1
437,11,2008,B5,-6,2,0,0,0,0,0,0,0,0,0,0,1
438,11,2008,B5,15,3,1,2,0,0,0,0,0,0,0,0,1
439,3,2008,B5,0,8,0,3,0,0,0,0,0,0,0,0,1
440,11,2008,QP,0,24,1,15,0,0,0,0,0,0,0,0,1
441,11,2008,B5,0,2,0,0,0,0,0,0,0,0,0,0,1
443,11,2008,B5,0,5,0,0,0,0,0,0,0,0,0,0,1
444,11,2008,QP,-9,5,30,30,0,0,0,0,0,0,0,0,1
445,3,2008,B5,0,5,0,0,0,0,0,0,0,0,0,0,1
446,3,2008,B5,15,3,1,0,0,0,0,0,0,0,0,0,1
448,11,2008,B5,15,4,2,0,0,0,0,0,0,0,0,0,1
449,11,2008,B5,0,6,0,0,0,0,0,0,0,0,0,0,1
450,11,2008,B5,-9,1,0,0,0,0,0,0,0,0,0,0,1
451,3,2008,B5,0,6,0,3,0,0,0,0,0,0,0,0,1
452,11,2008,B5,13,5,6,1,0,0,0,0,0,0,0,0,1
453,11,2008,B5,13,1,3,3,0,0,0,0,0,0,0,0,1
454,11,2008,B5,0,8,0,0,0,0,0,0,0,0,0,0,1
456,3,2008,QP,-9,6,27,49,0,0,0,0,0,0,0,0,1
458,11,2008,QP,0,4,25,7,0,0,0,0,0,0,0,0,1
460,11,2008,B5,0,3,1,0,0,0,0,0,0,0,0,0,1
461,3,2008,B5,13,1,0,0,0,0,0,0,0,0,0,0,1
477,11,2009,QP,15,2,48,12,2,0,0,0,0,0,0,0,1
479,3,2009,QP,15,1,23,45,0,0,0,0,0,0,0,0,1
480,3,2009,QP,13,2,28,37,0,0,0,0,0,0,0,0,1
481,11,2009,QP,0,33,10,16,0,0,0,0,0,0,0,0,1
482,11,2009,QP,15,1,62,25,0,0,0,0,0,0,0,0,1
484,3,2009,QP,0,12,0,0,0,0,0,0,0,0,0,0,1
485,3,2009,QP,13,1,36,70,0,0,0,0,0,0,0,0,1
486,3,2009,QP,15,2,27,36,1,0,0,0,0,0,0,0,1
487,11,2009,QP,0,7,1,1,0,0,0,0,0,0,0,0,1
488,3,2009,B5,13,3,1,0,0,0,0,0,0,0,0,0,1
489,3,2009,QP,0,7,5,34,0,0,0,0,0,0,0,0,1
490,11,2009,QP,13,2,4,26,0,0,0,0,0,0,0,0,1
493,3,2009,QP,-9,1,5,6,0,0,1,0,0,0,0,0,1
495,11,2009,QP,0,31,41,31,0,0,0,0,0,0,0,0,1
496,11,2009,QP,0,34,38,207,0,0,0,0,0,0,0,0,1
500,11,2009,B5,0,8,0,0,0,0,0,0,0,0,0,0,1
501,11,2009,B5,0,7,0,0,0,0,0,0,0,0,0,0,1
502,3,2009,B5,8,2,0,0,0,0,1,0,0,0,0,0,1
505,3,2009,QP,8,2,66,86,0,0,0,0,0,0,0,0,1
507,3,2009,QP,0,14,1,6,0,0,0,0,0,0,0,0,1
508,3,2009,QP,0,24,12,62,0,0,0,0,0,0,0,0,1
509,3,2009,QP,8,1,14,43,0,0,0,0,0,0,0,0,1
510,11,2009,QP,0,12,74,32,0,0,0,0,0,0,0,0,1
513,3,2009,QP,0,21,1,7,0,0,0,0,0,0,0,0,1
514,11,2009,QP,0,18,0,3,0,0,0,0,0,3,0,0,1
515,3,2009,QP,-6,3,6,23,0,0,1,0,0,0,0,0,1
516,3,2009,QP,0,15,0,0,0,0,1,0,0,0,0,0,1
517,3,2009,QP,0,32,8,3,0,0,0,0,0,0,0,0,1
518,3,2009,QP,8,3,160,43,0,0,0,0,0,0,1,0,1
519,11,2009,QP,0,15,6,52,0,0,0,0,0,0,0,0,1
521,11,2009,QP,0,20,7,47,1,0,0,0,0,0,0,0,1
522,11,2009,B5,0,4,0,0,0,0,0,0,0,0,0,0,1
523,3,2009,QP,0,23,11,21,0,0,0,0,0,0,0,0,1
524,11,2009,QP,0,9,6,25,0,0,0,0,0,0,0,0,1
525,11,2009,QP,8,2,36,11,0,0,0,0,0,0,0,0,1
530,3,2009,B5,8,1,0,0,0,0,1,0,0,3,0,0,1
531,11,2009,QP,0,19,18,36,0,0,0,0,0,0,0,0,1
532,11,2009,QP,0,24,3,16,0,0,1,0,0,0,0,0,1
533,11,2009,QP,13,1,29,15,0,0,0,0,0,0,0,0,1
536,11,2009,QP,0,32,122,62,0,0,0,0,0,0,0,0,1
537,3,2009,QP,0,6,3,13,0,0,0,0,0,0,0,0,1
538,3,2009,QP,0,13,0,0,0,0,0,0,0,0,0,0,1
539,3,2009,QP,0,30,29,56,0,0,0,0,0,1,0,0,1
540,11,2009,QP,-6,1,28,37,0,0,0,0,0,1,0,0,1
541,11,2009,QP,0,25,7,64,0,0,0,0,0,0,0,0,1
543,11,2009,B5,-9,3,0,0,0,0,0,0,0,0,0,0,1
544,3,2009,QP,-9,2,11,20,1,0,1,0,0,1,0,0,1
545,3,2009,QP,0,1,16,13,0,0,2,0,0,0,0,0,1
546,3,2009,QP,0,28,9,76,0,0,0,0,0,0,0,0,1
547,11,2009,QP,8,3,18,28,0,0,0,0,0,0,0,0,1
548,3,2009,B5,0,4,0,5,0,0,1,0,0,2,0,0,1
549,3,2009,QP,0,10,6,2,0,0,0,0,0,0,0,0,1
550,3,2009,QP,-9,3,17,26,0,0,1,0,0,1,0,0,1
551,3,2009,QP,0,22,2,22,0,0,0,0,0,0,0,0,1
552,3,2009,B5,13,2,3,1,0,0,0,0,0,0,0,0,1
553,3,2009,B5,15,2,0,0,0,0,0,0,0,0,0,0,1
554,11,2009,QP,0,13,7,32,0,0,0,0,0,0,0,0,1
555,11,2009,B5,0,2,0,8,0,0,0,0,0,0,0,0,1
556,11,2009,B5,15,1,2,0,0,0,0,0,0,0,0,0,1
557,11,2009,QP,0,10,10,7,0,0,0,0,0,0,0,0,1
558,11,2009,QP,0,11,6,11,0,0,0,0,0,0,0,0,1
559,3,2009,B5,-6,2,0,3,0,0,0,0,0,1,0,0,1
560,11,2009,B5,13,1,0,1,0,0,0,0,0,1,0,0,1
562,11,2009,B5,-6,1,0,3,0,0,0,0,0,2,0,0,1
563,11,2009,B5,8,2,0,0,0,0,0,0,0,0,0,0,1
564,3,2009,QP,0,4,6,5,0,0,0,0,0,0,0,0,1
565,3,2009,QP,0,20,11,19,0,0,0,0,0,0,0,0,1
566,11,2009,QP,0,27,3,35,0,0,0,0,0,0,0,0,1
567,11,2009,B5,8,1,0,0,0,0,0,0,0,0,0,0,1
568,11,2009,QP,0,26,6,27,0,0,0,0,0,0,0,0,1
569,11,2009,QP,0,29,31,21,0,0,0,0,0,0,0,0,1
571,11,2009,QP,0,14,18,17,1,0,0,0,0,0,0,0,1
572,3,2009,QP,-6,2,20,47,0,0,0,0,0,2,0,0,1
573,3,2009,QP,0,34,5,2,0,0,0,0,0,0,0,0,1
574,11,2009,B5,15,3,0,2,0,0,0,0,0,0,0,0,1
575,11,2009,B5,15,4,0,0,0,0,0,0,0,0,0,0,1
576,11,2009,QP,-6,3,9,14,0,0,0,0,0,1,0,0,1
577,11,2009,QP,0,4,12,14,0,0,0,0,0,0,0,0,1
578,3,2009,QP,0,29,18,86,0,0,0,0,0,0,0,0,1
579,3,2009,QP,-6,1,30,19,0,0,1,0,0,1,1,0,1
580,3,2009,QP,0,19,35,13,0,0,0,0,0,0,0,0,1
581,3,2009,QP,0,31,100,23,0,0,0,0,0,0,0,0,1
582,11,2009,QP,8,1,45,11,1,0,0,0,0,0,0,0,1
584,3,2009,QP,0,17,16,16,0,0,0,0,0,0,0,0,1
585,11,2009,QP,0,30,26,59,0,0,0,0,0,0,0,0,1
586,3,2009,QP,0,27,11,31,0,0,0,0,0,0,0,0,1
587,11,2009,QP,-6,2,38,13,0,0,0,0,0,2,0,0,1
588,11,2009,QP,0,2,25,13,0,0,0,0,0,0,0,0,1
589,11,2009,QP,0,16,9,11,0,0,0,0,0,0,0,0,1
590,3,2009,QP,0,25,25,39,0,0,0,0,0,0,0,0,1
591,11,2009,B5,0,1,0,1,0,0,0,0,0,2,0,0,1
592,3,2009,QP,0,16,59,11,0,0,0,0,0,0,0,0,1
593,11,2009,QP,0,28,33,63,0,0,0,0,0,0,0,0,1
594,3,2009,QP,0,26,51,50,0,0,0,0,0,0,0,0,1
595,11,2009,QP,-9,3,22,14,0,0,0,0,0,0,0,0,1
597,3,2009,B5,13,1,1,0,0,0,0,0,0,1,0,0,1
598,11,2009,QP,0,8,83,23,0,0,0,0,0,0,0,0,1
599,11,2009,B5,13,4,0,3,0,0,0,0,0,2,0,0,1
600,11,2009,QP,0,21,9,8,0,0,0,0,0,0,0,0,1
601,11,2009,B5,-9,1,0,0,0,0,0,0,0,0,0,0,1
602,11,2009,QP,0,6,24,14,0,0,0,0,0,0,0,0,1
603,3,2009,QP,0,5,48,14,0,0,0,0,0,0,0,0,1
604,3,2009,QP,0,18,16,16,0,0,0,0,0,0,0,0,1
605,3,2009,QP,0,33,21,3,0,0,0,0,0,1,0,0,1
606,3,2009,B5,0,5,0,4,0,0,3,0,0,1,0,0,1
607,3,2009,QP,0,3,69,11,0,0,0,0,0,0,0,0,1
608,3,2009,B5,15,1,3,0,0,0,0,0,0,3,0,0,1
609,3,2009,QP,0,2,66,3,0,0,0,0,0,0,0,0,1
610,11,2009,QP,0,22,8,7,0,0,0,0,0,0,0,0,1
611,11,2009,B5,-6,3,0,5,0,0,0,0,0,1,0,0,1
612,3,2009,QP,0,9,6,7,0,0,0,0,0,0,0,0,1
613,11,2009,QP,0,3,78,9,0,0,0,0,0,0,0,0,1
614,3,2009,B5,-9,1,0,0,0,0,0,0,0,1,0,0,1
615,3,2009,B5,15,3,0,0,0,0,0,0,0,0,0,0,1
616,3,2009,QP,0,8,44,15,0,0,0,0,0,0,0,0,1
617,11,2009,QP,-9,6,0,6,0,0,0,0,0,0,1,0,1
618,3,2009,B5,-9,2,0,0,0,0,0,0,0,1,0,0,1
619,3,2009,B5,0,3,0,7,0,0,0,0,0,0,0,0,1
620,11,2009,B5,15,2,2,1,0,0,0,0,0,0,0,0,1
621,11,2009,QP,0,1,58,19,0,0,0,0,0,0,0,0,1
622,11,2009,QP,0,17,8,5,0,0,0,0,0,0,0,0,1
623,11,2009,QP,0,23,82,25,0,0,0,0,0,0,0,0,1
624,3,2009,B5,-9,3,0,0,0,0,0,0,0,1,0,0,1
625,3,2009,B5,15,4,1,0,0,0,0,0,0,0,0,0,1
626,11,2009,B5,0,3,0,1,0,0,0,0,0,0,0,0,1
627,11,2009,B5,0,5,0,1,0,0,0,0,0,0,0,0,1
628,3,2009,QP,-9,5,9,33,0,0,0,0,0,0,0,0,1
629,3,2009,B5,0,2,0,0,0,0,4,0,0,3,0,0,1
630,11,2009,QP,0,5,31,5,0,0,0,0,0,0,0,0,1
631,3,2009,B5,0,1,0,0,0,0,0,0,0,0,0,0,1
632,11,2009,QP,-9,2,31,6,1,0,2,0,0,0,0,0,1
633,11,2009,QP,-9,4,19,6,0,0,0,0,0,0,0,0,1
634,3,2009,B5,-6,1,0,0,0,0,1,0,0,7,0,0,1
635,11,2009,B5,13,2,4,0,0,0,0,0,0,0,0,0,1
636,3,2009,B5,-6,3,0,4,0,0,0,0,0,2,0,0,1
637,11,2009,B5,-6,2,0,4,0,0,0,0,0,0,0,0,1
638,3,2009,QP,0,11,16,2,0,0,0,0,0,0,0,0,1
639,11,2009,QP,-9,1,20,8,0,0,0,0,0,0,0,0,1
640,11,2009,B5,13,3,3,2,0,0,0,0,0,2,0,0,1
641,3,2009,B5,13,4,1,1,0,0,0,0,0,2,0,0,1
642,11,2009,B5,-9,2,0,0,0,0,0,0,0,0,0,0,1
643,11,2009,B5,0,6,0,0,0,0,0,0,0,0,0,0,1
644,3,2009,QP,-9,4,26,13,0,0,0,0,0,2,0,0,1
645,3,2009,QP,-9,6,40,43,0,0,0,0,0,0,0,0,1
646,3,2009,B5,13,5,0,0,0,0,0,0,0,4,0,0,1
647,3,2009,B5,0,8,0,7,0,0,0,0,0,1,0,0,1
648,11,2009,QP,-9,5,18,3,0,0,1,0,0,0,0,0,1
649,11,2009,B5,13,5,0,0,0,0,0,0,0,2,0,0,1
650,3,2009,B5,0,7,0,2,0,0,1,0,0,1,0,0,1
651,3,2009,B5,0,6,0,0,0,0,0,0,0,0,0,0,1
704,3,2010,QP,15,2,39,33,0,0,0,0,0,0,0,0,1
708,11,2010,B5,8,2,0,0,0,0,0,0,0,0,0,0,1
712,3,2010,QP,15,1,83,47,0,0,0,0,0,0,0,0,1
713,3,2010,QP,0,10,2,2,0,0,0,0,0,0,0,0,1
716,3,2010,QP,0,26,1,2,0,0,0,0,0,0,0,0,1
717,3,2010,QP,0,27,5,2,0,0,0,0,0,0,0,0,1
718,3,2010,QP,0,28,4,7,0,0,0,0,0,0,0,0,1
719,11,2010,QP,15,2,89,30,0,0,0,0,0,0,0,0,1
722,3,2010,QP,13,1,17,23,0,0,0,0,0,0,0,0,1
723,11,2010,QP,15,1,106,42,1,0,0,0,0,0,0,0,1
727,3,2010,QP,0,1,6,3,0,0,0,0,0,1,0,0,1
728,3,2010,QP,0,24,10,4,0,0,0,0,0,0,0,0,1
731,3,2010,QP,-9,1,2,11,0,0,1,0,0,0,2,0,1
732,11,2010,QP,0,8,25,24,0,0,0,0,0,0,0,0,1
736,3,2010,B5,15,1,1,0,0,0,0,0,0,0,0,0,1
737,3,2010,QP,0,2,22,49,0,0,0,0,0,0,0,0,1
738,3,2010,QP,0,11,0,1,0,0,0,0,0,0,0,0,1
739,3,2010,QP,13,2,29,33,0,0,0,0,0,0,0,0,1
742,11,2010,QP,0,27,14,50,0,0,0,0,0,0,0,0,1
744,3,2010,QP,0,23,4,5,0,0,0,0,0,0,0,0,1
745,11,2010,QP,0,14,4,4,0,0,0,0,0,0,0,0,1
746,11,2010,QP,0,28,67,10,1,0,0,0,0,0,0,0,1
748,11,2010,QP,0,11,10,14,0,0,0,0,0,0,0,0,1
749,3,2010,B5,8,1,0,0,0,0,0,0,0,1,0,0,1
750,3,2010,QP,0,5,12,2,0,0,0,0,0,0,0,0,1
754,3,2010,B5,0,4,0,2,0,0,0,0,0,0,0,0,1
755,11,2010,B5,8,1,0,0,0,0,0,0,0,0,0,0,1
756,3,2010,QP,0,3,40,51,0,0,0,0,0,0,0,0,1
757,3,2010,QP,0,6,27,31,0,0,0,0,0,0,0,0,1
761,3,2010,QP,-6,1,6,24,0,0,0,0,0,0,0,0,1
763,3,2010,QP,0,13,7,25,1,0,0,0,0,0,0,0,1
764,3,2010,QP,8,1,13,14,0,0,0,0,0,0,0,0,1
765,11,2010,QP,8,1,6,1,0,0,0,0,0,0,0,0,1
769,3,2010,B5,8,2,0,0,0,0,0,0,0,1,0,0,1
770,11,2010,QP,-9,1,4,25,0,1,0,0,1,0,0,0,1
771,3,2010,QP,-9,6,33,41,0,0,1,0,0,0,0,0,1
772,3,2010,QP,0,29,7,42,0,0,0,0,0,0,0,0,1
773,3,2010,QP,0,33,5,22,0,0,0,0,0,0,0,0,1
774,11,2010,QP,0,22,6,21,0,0,0,0,0,0,0,0,1
775,11,2010,QP,0,3,26,127,0,0,0,0,0,0,0,0,1
777,3,2010,QP,0,12,7,4,0,0,0,0,0,0,0,0,1
778,3,2010,QP,0,31,5,3,0,0,0,0,0,0,0,0,1
779,3,2010,QP,8,3,11,23,0,0,0,0,0,0,0,0,1
780,11,2010,QP,0,30,17,25,0,0,0,0,0,0,0,0,1
781,11,2010,QP,13,2,26,16,1,0,0,0,0,0,0,0,1
784,11,2010,QP,0,17,12,18,0,0,0,0,0,0,0,0,1
786,3,2010,B5,13,2,2,1,1,0,0,0,0,0,0,0,1
787,3,2010,B5,13,3,8,2,0,0,0,0,0,0,0,0,1
788,3,2010,B5,13,4,0,0,0,0,0,0,0,0,0,0,1
789,11,2010,B5,0,1,0,0,0,0,0,0,0,2,0,0,1
790,3,2010,QP,0,4,64,13,0,0,0,0,0,0,0,0,1
791,3,2010,QP,0,32,11,23,1,0,0,0,0,1,0,0,1
794,11,2010,QP,0,4,39,4,0,0,0,0,0,0,0,0,1
795,11,2010,QP,0,5,24,7,0,0,1,0,0,0,0,0,1
798,3,2010,QP,0,16,12,19,0,0,0,0,0,0,0,0,1
799,11,2010,B5,0,3,0,0,0,0,0,0,0,1,0,0,1
801,11,2010,QP,0,21,7,33,0,0,0,0,0,0,0,0,1
803,11,2010,QP,0,19,4,12,0,0,0,0,0,0,0,0,1
804,11,2010,QP,0,20,11,15,0,0,0,0,0,0,0,0,1
807,3,2010,QP,8,2,74,8,0,0,0,0,0,0,0,0,1
808,3,2010,QP,0,17,12,10,0,0,0,0,0,0,0,0,1
809,3,2010,QP,0,18,1,12,1,0,0,0,0,0,0,0,1
810,11,2010,B5,-6,1,0,0,0,0,0,0,0,0,0,0,1
811,11,2010,QP,0,12,46,21,0,0,0,0,0,0,0,0,1
812,3,2010,QP,-9,5,27,10,0,0,1,0,0,0,0,0,1
813,3,2010,QP,0,34,57,45,0,0,0,0,0,0,0,0,1
814,11,2010,QP,0,1,22,16,0,0,0,0,0,0,0,0,1
815,11,2010,QP,8,3,74,24,0,0,0,0,0,0,0,0,1
816,11,2010,B5,-6,3,0,0,0,0,0,0,0,0,0,0,1
817,3,2010,QP,0,25,12,10,0,0,0,0,0,0,0,0,1
818,11,2010,QP,0,24,27,66,0,0,0,0,0,0,0,0,1
820,11,2010,B5,0,4,0,0,0,0,0,0,0,0,0,0,1
822,3,2010,QP,0,15,16,11,0,0,0,0,0,0,0,0,1
823,11,2010,QP,0,10,41,38,0,0,0,0,0,0,0,0,1
824,3,2010,B5,0,3,0,0,0,0,3,0,0,0,0,0,1
825,11,2010,B5,15,2,0,0,0,0,0,0,0,0,0,0,1
826,3,2010,QP,0,14,31,8,0,0,0,0,0,0,0,0,1
827,11,2010,QP,0,23,2,16,0,0,0,0,0,0,0,0,1
831,3,2010,QP,0,30,13,47,0,0,0,0,0,0,0,0,1
833,11,2010,QP,-6,2,10,19,0,0,0,0,0,0,0,0,1
834,11,2010,B5,-9,2,0,0,0,0,0,0,0,0,0,0,1
835,11,2010,B5,13,1,5,3,0,0,0,0,0,0,0,0,1
837,3,2010,B5,-6,3,0,1,0,0,0,0,0,6,0,0,1
838,3,2010,QP,0,21,91,5,1,0,0,0,0,0,0,0,1
839,11,2010,QP,8,2,13,12,0,0,0,0,0,1,0,0,1
842,3,2010,QP,0,8,58,7,0,0,0,0,0,0,0,0,1
843,11,2010,QP,-9,5,3,8,0,0,0,0,0,0,0,0,1
844,11,2010,QP,0,26,12,14,0,0,0,0,0,0,0,0,1
845,11,2010,QP,0,31,18,57,0,0,0,0,0,0,0,0,1
846,11,2010,QP,0,33,7,26,0,0,0,0,0,0,0,0,1
848,3,2010,B5,-9,3,0,0,0,0,0,0,0,0,0,0,1
851,11,2010,B5,-9,1,0,0,0,0,0,0,0,0,0,0,1
852,11,2010,QP,0,6,23,3,0,0,0,0,0,0,0,0,1
853,11,2010,QP,0,29,12,12,0,0,0,0,0,0,0,0,1
854,3,2010,QP,-9,4,6,2,0,0,0,0,0,0,0,0,1
855,3,2010,QP,0,22,22,13,1,0,0,0,0,0,0,0,1
856,3,2010,QP,-6,2,32,29,0,0,0,0,0,1,0,0,1
857,11,2010,QP,-9,2,40,12,0,0,0,0,0,0,0,0,1
858,3,2010,B5,15,4,1,0,0,0,0,0,0,0,0,0,1
859,11,2010,QP,0,25,32,24,0,0,0,0,0,0,0,0,1
860,3,2010,QP,0,7,52,9,0,0,0,0,0,1,0,0,1
861,11,2010,QP,0,9,94,38,0,0,0,0,0,0,0,0,1
862,11,2010,QP,0,32,31,30,0,0,1,0,0,0,0,0,1
863,11,2010,QP,0,34,19,19,0,0,0,0,0,0,0,0,1
866,3,2010,QP,0,9,96,31,0,0,0,0,0,1,0,0,1
867,11,2010,QP,0,16,53,19,0,0,0,0,0,0,0,0,1
868,11,2010,B5,-6,2,0,0,0,0,0,0,0,2,0,0,1
870,11,2010,B5,0,5,0,0,0,0,0,0,0,1,0,0,1
871,11,2010,QP,0,18,17,21,0,0,0,0,0,0,0,0,1
873,3,2010,B5,13,1,2,5,0,0,0,0,0,2,0,0,1
874,11,2010,B5,0,6,0,0,0,0,0,0,0,1,0,0,1
875,11,2010,B5,15,1,1,0,0,0,0,0,0,0,0,0,1
876,3,2010,QP,0,20,34,5,0,0,0,0,0,0,0,0,1
877,11,2010,QP,-6,1,33,11,0,0,0,0,0,0,0,0,1
878,11,2010,QP,0,15,28,4,0,0,0,0,0,0,0,0,1
879,11,2010,B5,13,2,2,3,0,0,0,0,0,0,0,0,1
880,11,2010,B5,13,3,0,0,0,0,0,0,0,0,0,0,1
881,11,2010,B5,15,4,2,0,0,0,0,0,0,0,0,0,1
882,11,2010,QP,-9,6,12,17,0,1,1,0,0,0,0,0,1
883,11,2010,QP,-6,3,15,18,0,0,0,0,0,0,0,0,1
884,11,2010,QP,0,2,44,30,0,0,0,0,0,1,0,0,1
885,11,2010,QP,0,7,32,9,0,1,0,0,0,0,0,0,1
887,3,2010,QP,-6,3,19,34,0,0,0,0,0,0,0,0,1
888,11,2010,QP,13,1,59,13,0,0,0,0,0,0,0,0,1
889,3,2010,B5,0,1,0,2,0,2,0,0,0,5,0,0,1
890,11,2010,B5,0,2,0,0,0,0,0,0,0,2,0,0,1
891,3,2010,B5,-9,2,0,0,0,0,0,0,0,1,0,0,1
892,3,2010,B5,15,2,0,0,0,1,0,0,0,0,0,0,1
893,11,2010,B5,-9,3,0,0,0,0,0,0,0,0,0,0,1
894,3,2010,QP,-9,3,3,6,0,0,2,0,0,0,0,0,1
896,3,2010,QP,0,19,24,6,0,0,0,0,0,0,0,0,1
897,11,2010,QP,-9,3,11,5,0,0,0,0,0,0,0,0,1
899,3,2010,B5,-6,1,0,1,0,0,0,0,0,3,0,0,1
900,11,2010,B5,13,4,2,0,0,0,0,0,0,1,0,0,1
903,11,2010,B5,15,3,1,0,0,0,0,0,0,0,0,0,1
904,11,2010,B5,13,5,4,2,0,0,0,0,0,1,0,0,1
907,3,2010,B5,15,3,1,0,0,0,0,0,0,0,0,0,1
910,3,2010,B5,0,2,0,1,0,0,0,0,0,2,0,0,1
912,3,2010,B5,0,8,0,0,0,0,2,0,0,0,0,0,1
916,11,2010,B5,0,7,0,0,0,0,0,0,0,1,0,0,1
917,11,2010,QP,-9,4,6,11,0,0,0,0,0,0,0,0,1
920,3,2010,B5,-6,2,0,1,0,0,0,0,0,1,0,0,1
922,3,2010,B5,0,5,0,0,0,0,1,0,0,3,0,0,1
923,3,2010,B5,13,5,3,2,0,0,0,0,0,0,0,0,1
926,3,2010,B5,-9,1,0,0,0,0,0,0,0,2,0,0,1
927,11,2010,QP,0,13,21,4,0,0,0,0,0,0,0,0,1
928,3,2010,QP,-9,2,40,12,0,0,1,0,0,0,0,0,1
929,3,2010,B5,0,6,0,0,0,0,0,0,0,0,0,0,1
930,3,2010,B5,0,7,0,0,0,0,0,0,0,0,0,0,1
931,11,2010,B5,0,8,0,0,0,0,0,0,0,0,0,0,1
936,3,2011,B5,-9,1,0,0,0,0,0,0,0,2,0,0,1
937,3,2011,B5,-9,2,0,0,0,0,0,0,0,0,0,0,1
938,3,2011,B5,-9,3,0,0,0,0,0,0,0,0,0,0,1
939,3,2011,B5,-6,1,0,0,0,0,0,1,0,0,0,0,1
940,3,2011,B5,-6,2,0,0,0,0,0,0,0,4,0,0,1
941,3,2011,B5,-6,3,0,1,0,0,0,0,0,1,0,0,1
942,3,2011,B5,0,1,0,0,0,0,0,0,0,3,0,0,1
943,3,2011,B5,0,2,0,0,0,0,0,0,0,3,0,0,1
944,3,2011,B5,0,3,0,1,0,0,0,0,0,2,0,0,1
945,3,2011,B5,0,4,0,0,0,0,0,0,0,0,0,0,1
946,3,2011,B5,0,5,0,2,0,0,0,0,0,0,0,0,1
947,3,2011,B5,0,6,0,0,0,0,0,0,0,2,0,0,1
948,3,2011,B5,0,7,0,0,0,0,0,0,0,0,0,0,1
949,3,2011,B5,0,8,0,0,0,0,0,0,0,0,0,0,1
950,3,2011,B5,8,1,0,0,0,0,0,0,0,1,0,0,1
951,3,2011,B5,13,1,1,4,0,0,0,0,0,1,0,0,1
952,3,2011,B5,13,2,0,0,0,0,0,0,0,0,0,0,1
953,3,2011,B5,13,3,3,2,0,1,1,0,0,0,0,0,1
954,3,2011,B5,13,4,0,1,0,0,0,0,0,2,0,0,1
955,3,2011,B5,13,5,0,0,0,0,0,0,0,0,0,0,1
956,3,2011,B5,15,1,0,0,0,0,0,0,0,1,0,0,1
957,3,2011,B5,15,2,1,2,0,0,0,0,0,0,0,0,1
958,3,2011,B5,15,3,1,0,0,0,0,0,0,0,0,0,1
959,3,2011,B5,15,4,0,1,0,0,0,0,0,2,0,0,1
1001,3,2011,QP,0,1,37,11,0,0,0,0,0,0,0,0,1
1002,3,2011,QP,0,2,24,30,0,0,0,0,0,0,0,0,1
1003,3,2011,QP,0,3,30,14,0,0,0,0,0,0,0,0,1
1004,3,2011,QP,0,4,74,12,1,0,0,0,0,0,0,0,1
1005,3,2011,QP,0,5,6,47,0,0,0,0,0,0,0,0,1
1006,3,2011,QP,0,6,23,53,0,0,0,0,0,0,0,0,1
1007,3,2011,QP,0,7,5,21,0,0,0,0,0,0,0,0,1
1008,3,2011,QP,0,8,63,13,0,0,0,0,0,0,0,0,1
1009,3,2011,QP,0,9,1,27,0,0,0,0,0,0,0,0,1
1010,3,2011,QP,0,10,10,34,0,0,0,0,0,0,0,0,1
1011,3,2011,QP,0,11,3,1,0,0,0,0,0,0,0,0,1
1012,3,2011,QP,0,12,14,29,0,0,0,0,0,0,0,0,1
1013,3,2011,QP,0,13,27,17,0,0,0,0,0,0,0,0,1
1014,3,2011,QP,0,14,29,12,0,0,0,0,0,0,0,0,1
1015,3,2011,QP,0,15,8,6,0,0,1,0,0,0,0,0,1
1016,3,2011,QP,0,16,46,41,0,0,0,0,0,1,0,0,1
1017,3,2011,QP,0,17,12,23,0,0,0,0,0,0,0,0,1
1018,3,2011,QP,0,18,18,7,0,0,0,0,0,0,0,0,1
1019,3,2011,QP,0,19,21,21,0,0,0,0,0,0,0,0,1
1020,3,2011,QP,0,20,19,32,0,0,0,0,0,0,0,0,1
1021,3,2011,QP,0,21,13,41,0,0,0,0,0,0,0,0,1
1022,3,2011,QP,0,22,30,91,0,0,0,0,0,0,0,0,1
1023,3,2011,QP,0,23,10,41,0,0,0,0,0,0,0,0,1
1024,3,2011,QP,0,24,32,75,0,0,1,0,0,0,2,0,1
1025,3,2011,QP,0,25,21,49,0,0,0,0,0,0,0,0,1
1026,3,2011,QP,0,26,41,27,0,0,0,0,0,0,0,0,1
1027,3,2011,QP,0,27,25,29,0,0,0,0,0,0,0,0,1
1028,3,2011,QP,0,28,23,21,0,0,0,0,0,0,0,0,1
1029,3,2011,QP,0,29,40,32,0,0,1,0,0,0,0,0,1
1030,3,2011,QP,0,30,17,41,0,0,0,0,0,0,0,0,1
1031,3,2011,QP,0,31,32,14,0,0,0,0,0,0,0,0,1
1032,3,2011,QP,0,32,44,52,0,0,0,0,0,0,0,0,1
1033,3,2011,QP,0,33,42,38,0,0,0,0,0,0,0,0,1
1034,3,2011,QP,0,34,22,30,0,0,0,0,0,0,0,0,1
1035,3,2011,QP,8,1,32,17,0,0,1,0,0,0,0,0,1
1036,3,2011,QP,8,2,33,33,0,0,0,0,0,0,0,0,1
1037,3,2011,QP,8,3,19,45,0,0,0,0,0,0,0,0,1
1038,3,2011,QP,13,1,31,31,0,0,0,0,0,0,0,0,1
1039,3,2011,QP,13,2,46,39,0,0,0,0,0,0,0,0,1
1040,3,2011,QP,15,1,63,50,0,0,0,0,0,0,0,0,1
1041,3,2011,QP,15,2,25,20,0,0,0,0,0,0,0,0,1
1042,3,2011,QP,-6,1,15,24,0,0,0,0,0,0,0,0,1
1043,3,2011,QP,-6,2,13,35,0,0,0,0,0,0,0,0,1
1044,3,2011,QP,-6,3,34,62,0,0,0,0,0,0,0,0,1
1045,3,2011,QP,-9,1,37,65,0,0,0,0,0,0,0,0,1
1046,3,2011,QP,-9,2,15,34,0,0,1,0,0,0,1,0,1
1047,3,2011,QP,-9,3,14,38,0,0,1,0,0,0,1,0,1
1048,3,2011,QP,-9,4,14,21,1,0,0,0,0,0,1,0,1
1049,3,2011,QP,-9,5,17,14,0,0,1,0,0,0,0,0,1
1050,3,2011,QP,-9,6,21,19,0,0,1,0,0,0,0,0,1
1051,11,2011,B5,-9,1,0,0,0,0,0,0,0,1,0,0,1
1052,11,2011,B5,-9,2,0,0,0,0,0,0,0,0,0,0,1
1053,11,2011,B5,-9,3,0,0,0,0,0,0,0,0,0,0,1
1054,11,2011,B5,-6,1,0,0,0,1,0,0,0,0,0,0,1
1055,11,2011,B5,-6,2,0,0,0,0,0,0,0,2,0,0,1
1056,11,2011,B5,-6,3,0,0,0,0,0,0,0,3,0,0,1
1057,11,2011,B5,0,1,0,0,0,0,0,1,0,0,0,0,1
1058,11,2011,B5,0,2,0,0,0,0,0,0,0,0,0,0,1
1059,11,2011,B5,0,3,0,0,0,0,0,0,0,2,0,0,1
1060,11,2011,B5,0,4,0,0,0,0,0,0,0,3,0,0,1
1061,11,2011,B5,0,5,0,0,0,0,0,0,0,0,0,0,1
1062,11,2011,B5,0,6,0,0,0,0,0,0,0,0,0,0,1
1063,11,2011,B5,0,7,0,0,0,0,0,0,0,0,0,0,1
1064,11,2011,B5,0,8,0,0,0,0,0,0,0,0,0,0,1
1065,11,2011,B5,8,1,0,0,0,0,0,0,0,0,0,0,1
1066,11,2011,B5,8,2,0,0,0,0,1,0,0,0,0,0,1
1067,11,2011,B5,13,1,4,0,0,1,0,0,0,0,0,0,1
1068,11,2011,B5,13,2,2,0,0,0,0,0,0,0,0,0,1
1069,11,2011,B5,13,3,1,0,0,0,1,0,0,0,0,0,1
1070,11,2011,B5,13,4,0,0,0,1,0,0,0,0,0,0,1
1071,11,2011,B5,13,5,0,0,0,0,0,0,0,0,0,0,1
1072,11,2011,B5,15,1,0,1,0,0,0,0,0,0,0,0,1
1073,11,2011,B5,15,2,1,0,0,0,0,0,0,0,0,0,1
1074,11,2011,B5,15,3,0,0,0,0,0,0,0,0,0,0,1
1075,11,2011,B5,15,4,0,0,0,0,0,0,0,0,0,0,1
1118,11,2011,QP,0,1,28,20,0,0,0,0,0,0,0,0,1
1119,11,2011,QP,0,2,23,33,0,0,0,0,0,0,0,0,1
1120,11,2011,QP,0,3,94,14,0,0,0,0,0,0,0,0,1
1121,11,2011,QP,0,4,26,5,0,0,0,0,0,0,0,0,1
1122,11,2011,QP,0,5,19,51,0,0,0,0,0,0,0,0,1
1123,11,2011,QP,0,6,63,28,0,0,0,0,0,0,0,0,1
1124,11,2011,QP,0,7,12,51,0,0,0,0,0,0,0,0,1
1125,11,2011,QP,0,8,18,32,0,0,0,0,0,0,0,0,1
1126,11,2011,QP,0,9,17,37,0,0,0,0,0,0,0,0,1
1127,11,2011,QP,0,10,9,45,0,0,0,0,0,0,0,0,1
1128,11,2011,QP,0,11,18,66,0,0,0,0,0,0,0,0,1
1129,11,2011,QP,0,12,21,13,0,0,0,0,0,0,0,0,1
1130,11,2011,QP,0,13,17,55,0,0,0,0,0,0,0,0,1
1131,11,2011,QP,0,14,32,87,0,0,0,0,0,0,0,0,1
1132,11,2011,QP,0,15,13,95,0,0,0,0,0,0,0,0,1
1133,11,2011,QP,0,16,38,26,0,0,1,0,0,0,0,0,1
1134,11,2011,QP,0,17,24,20,0,0,0,0,0,0,0,0,1
1135,11,2011,QP,0,18,49,24,0,0,0,0,0,0,0,0,1
1136,11,2011,QP,0,19,43,35,0,0,0,0,0,0,0,0,1
1137,11,2011,QP,0,20,8,5,0,0,0,0,0,0,0,0,1
1138,11,2011,QP,0,21,17,45,0,1,0,0,0,0,0,0,1
1139,11,2011,QP,0,22,54,37,0,0,0,0,0,0,0,0,1
1140,11,2011,QP,0,23,10,21,0,0,0,0,0,0,0,0,1
1141,11,2011,QP,0,24,5,10,0,0,0,0,0,0,0,0,1
1142,11,2011,QP,0,25,40,41,0,0,0,0,0,0,0,0,1
1143,11,2011,QP,0,26,21,26,0,0,0,0,0,0,0,0,1
1144,11,2011,QP,0,27,9,35,0,0,0,0,0,0,0,0,1
1145,11,2011,QP,0,28,12,98,0,0,0,0,0,0,0,0,1
1146,11,2011,QP,0,29,20,29,0,0,0,0,0,0,0,0,1
1147,11,2011,QP,0,30,18,147,0,0,0,0,0,0,0,0,1
1148,11,2011,QP,0,31,17,24,0,0,0,0,0,0,0,0,1
1149,11,2011,QP,0,32,11,66,0,0,0,0,0,0,0,0,1
1150,11,2011,QP,0,33,15,31,0,0,0,0,0,0,0,0,1
1151,11,2011,QP,0,34,27,55,0,0,0,0,0,0,0,0,1
1152,11,2011,QP,8,1,65,30,0,0,0,0,0,0,0,0,1
1153,11,2011,QP,8,2,37,39,0,0,0,0,0,0,0,0,1
1154,11,2011,QP,8,3,20,18,0,0,0,0,0,0,0,0,1
1155,11,2011,QP,13,1,19,45,0,0,0,0,0,0,0,0,1
1156,11,2011,QP,13,2,42,33,0,0,0,0,0,0,0,0,1
1157,11,2011,QP,15,1,73,64,0,0,0,0,0,0,0,0,1
1158,11,2011,QP,15,2,147,14,0,0,0,0,0,0,0,0,1
1159,11,2011,QP,-6,1,19,28,0,0,0,0,0,0,0,0,1
1160,11,2011,QP,-6,2,6,31,0,0,1,0,0,0,0,0,1
1161,11,2011,QP,-6,3,13,25,0,0,1,0,0,0,0,0,1
1162,11,2011,QP,-9,1,4,4,0,0,0,0,0,0,0,0,1
1163,11,2011,QP,-9,2,36,8,0,0,0,0,0,0,0,0,1
1164,11,2011,QP,-9,3,13,14,0,0,0,0,0,0,0,0,1
1165,11,2011,QP,-9,4,35,5,0,0,0,0,0,0,0,0,1
1166,11,2011,QP,-9,5,26,7,0,0,0,1,0,0,0,0,1
1167,11,2011,QP,-9,6,27,10,0,0,1,0,0,0,0,0,1
1178,3,2012,QP,13,1,11,35,0,0,0,0,0,0,0,0,1
1179,3,2012,QP,15,1,85,55,0,0,0,0,0,0,0,0,1
1183,3,2012,B5,8,1,0,0,0,0,0,1,0,0,0,0,1
1184,3,2012,B5,8,2,0,0,0,0,0,2,0,0,0,0,1
1185,3,2012,QP,13,2,21,36,0,0,0,0,0,0,0,0,1
1186,11,2012,QP,0,14,9,46,0,0,0,0,0,0,0,0,1
1187,11,2012,QP,0,23,2,83,0,0,0,0,0,0,0,0,1
1188,11,2012,QP,15,1,68,59,0,0,0,0,0,0,0,0,1
1193,11,2012,QP,8,3,26,48,0,0,0,0,0,0,0,0,1
1194,11,2012,QP,0,29,39,31,0,0,0,0,0,0,0,0,1
1195,3,2012,QP,0,15,18,2,0,0,0,0,0,0,0,0,1
1196,3,2012,QP,15,2,12,36,0,0,0,0,0,0,0,0,1
1197,11,2012,QP,0,20,33,47,0,0,0,0,0,0,0,0,1
1200,11,2012,QP,15,2,89,45,0,0,0,0,0,0,0,0,1
1203,11,2012,QP,0,2,13,24,0,0,0,0,0,0,0,0,1
1204,11,2012,QP,-6,1,14,22,0,0,1,0,0,0,0,0,1
1206,3,2012,QP,0,1,21,7,0,0,0,0,0,0,0,0,1
1207,3,2012,QP,0,30,20,8,0,0,0,0,0,0,0,0,1
1208,3,2012,QP,8,3,35,40,0,0,0,0,0,0,0,0,1
1209,11,2012,QP,0,1,27,36,0,0,0,0,0,0,0,0,1
1210,11,2012,QP,0,12,5,38,0,0,0,0,0,0,0,0,1
1217,11,2012,QP,0,4,17,31,0,0,0,0,0,0,0,0,1
1218,11,2012,QP,0,17,8,39,0,0,0,0,0,0,0,0,1
1219,11,2012,QP,0,26,2,38,0,0,0,0,0,0,0,0,1
1220,11,2012,QP,13,1,58,43,0,0,0,0,0,0,0,0,1
1221,11,2012,B5,0,2,0,0,0,1,0,0,0,0,0,0,1
1222,11,2012,QP,0,25,7,22,0,0,0,0,0,0,0,0,1
1223,11,2012,QP,0,30,9,27,0,0,0,0,0,0,0,0,1
1226,11,2012,QP,0,3,6,25,0,0,0,0,0,0,0,0,1
1227,3,2012,QP,0,3,11,2,0,0,0,0,0,0,0,0,1
1228,3,2012,QP,0,14,16,5,0,0,0,0,0,0,0,0,1
1229,3,2012,QP,0,26,24,35,0,0,0,0,0,0,0,0,1
1230,11,2012,QP,-6,2,1,7,0,1,0,0,0,0,0,0,1
1231,11,2012,QP,-6,3,5,16,0,0,1,0,0,0,0,0,1
1232,11,2012,QP,0,18,56,17,0,0,0,0,0,0,0,0,1
1233,11,2012,QP,0,24,48,25,0,1,0,0,0,0,0,0,1
1235,3,2012,QP,0,4,16,4,0,0,0,0,0,0,0,0,1
1236,3,2012,QP,0,21,24,0,0,0,0,0,0,0,0,0,1
1237,3,2012,QP,0,24,13,0,0,0,0,0,0,0,0,0,1
1238,3,2012,QP,0,28,9,4,0,0,0,0,0,0,0,0,1
1239,3,2012,QP,0,32,16,14,0,0,0,0,0,0,0,0,1
1240,3,2012,QP,8,1,15,19,0,0,0,0,0,0,0,0,1
1241,11,2012,QP,-9,5,4,5,0,0,1,0,0,0,0,0,1
1242,11,2012,QP,8,1,13,10,0,0,0,0,0,0,0,0,1
1244,3,2012,QP,-9,1,12,9,0,0,0,0,0,0,0,0,1
1247,11,2012,B5,8,2,0,0,0,0,0,0,0,1,0,0,1
1248,3,2012,QP,-6,1,16,15,0,0,0,0,0,0,0,0,1
1249,11,2012,QP,-9,1,17,4,0,0,0,0,0,0,0,0,1
1251,3,2012,B5,15,4,0,1,0,0,0,0,0,0,0,0,1
1252,3,2012,QP,0,2,48,5,0,0,0,0,0,0,0,0,1
1253,11,2012,QP,-9,4,26,7,0,0,0,0,0,0,0,0,1
1254,11,2012,QP,0,7,36,14,0,0,0,0,0,0,0,0,1
1255,11,2012,QP,0,10,27,6,0,0,0,0,0,0,0,0,1
1256,11,2012,QP,0,11,20,12,0,0,0,0,0,0,0,0,1
1257,11,2012,QP,0,22,56,42,0,0,0,0,0,0,0,0,1
1258,3,2012,B5,0,7,0,0,0,0,0,3,0,0,0,0,1
1259,3,2012,QP,-9,3,3,10,0,0,1,0,0,0,0,0,1
1260,3,2012,QP,0,16,14,1,0,0,0,0,0,0,0,0,1
1261,3,2012,QP,0,33,29,22,0,0,0,0,0,0,0,0,1
1262,11,2012,QP,0,16,10,3,0,0,0,0,0,0,0,0,1
1263,11,2012,QP,-9,2,16,17,0,0,0,0,0,0,0,0,1
1264,11,2012,QP,0,34,11,53,0,0,0,0,0,0,0,0,1
1266,3,2012,QP,0,13,13,7,0,0,0,0,0,0,0,0,1
1267,3,2012,QP,0,29,7,25,0,0,0,0,0,0,0,0,1
1268,11,2012,B5,13,5,6,0,0,0,0,0,0,0,0,0,1
1269,3,2012,QP,0,34,12,26,0,0,0,0,0,0,0,0,1
1270,11,2012,QP,0,5,34,27,0,0,0,0,0,0,0,0,1
1271,11,2012,QP,0,33,6,38,0,0,0,0,0,0,0,0,1
1273,3,2012,B5,-9,1,0,0,0,0,3,0,0,0,0,0,1
1274,11,2012,B5,15,2,0,0,0,0,0,0,0,0,0,0,1
1275,3,2012,QP,-9,5,9,8,0,0,0,0,0,0,0,0,1
1276,3,2012,QP,-6,3,3,16,0,0,1,0,0,0,0,0,1
1277,3,2012,QP,0,23,22,6,0,0,0,0,0,0,0,0,1
1278,3,2012,QP,0,25,2,3,0,0,0,0,0,0,0,0,1
1279,11,2012,QP,8,2,17,7,0,0,0,0,0,0,0,0,1
1280,3,2012,QP,-6,2,7,4,0,0,0,0,0,0,0,0,1
1281,3,2012,QP,0,22,2,0,0,0,0,0,0,0,0,0,1
1282,11,2012,QP,0,6,35,43,0,0,0,0,0,0,0,0,1
1283,11,2012,QP,0,13,11,10,0,0,0,0,0,0,0,0,1
1284,11,2012,QP,0,15,45,11,0,0,0,0,0,0,0,0,1
1285,11,2012,QP,0,32,13,66,0,0,0,0,0,0,0,0,1
1287,3,2012,B5,13,1,0,2,0,0,0,0,0,0,0,0,1
1288,11,2012,B5,8,1,0,0,0,1,0,0,0,0,0,0,1
1289,3,2012,QP,0,17,4,9,0,0,2,0,0,0,0,0,1
1290,3,2012,QP,8,2,38,19,0,0,0,0,0,0,0,0,1
1291,11,2012,QP,0,31,15,87,0,0,0,0,0,0,0,0,1
1295,3,2012,QP,0,7,41,0,0,0,0,0,0,0,0,0,1
1296,3,2012,QP,0,31,9,26,0,0,0,0,0,0,0,0,1
1298,3,2012,QP,0,27,6,9,0,0,0,0,0,0,0,0,1
1299,11,2012,QP,0,8,27,10,0,0,0,0,0,0,0,0,1
1300,3,2012,B5,-9,2,0,0,0,0,2,0,0,0,0,0,1
1301,3,2012,B5,15,2,1,0,0,0,0,0,0,0,0,0,1
1304,3,2012,B5,0,3,0,0,0,1,0,1,0,0,0,0,1
1305,11,2012,B5,0,1,0,2,0,0,1,0,0,2,0,0,1
1306,11,2012,QP,0,28,2,6,0,0,0,0,0,0,0,0,1
1307,11,2012,QP,-9,6,5,14,0,2,0,0,0,0,0,0,1
1309,3,2012,B5,0,1,0,0,0,0,0,3,0,0,0,0,1
1311,3,2012,QP,0,5,40,3,0,0,0,0,0,0,0,0,1
1312,3,2012,QP,0,6,39,1,0,0,0,0,0,0,0,0,1
1313,3,2012,QP,0,11,32,4,0,0,0,0,0,0,0,0,1
1314,11,2012,QP,0,27,5,31,0,0,0,0,0,0,0,0,1
1319,3,2012,QP,0,12,47,2,0,0,0,0,0,0,0,0,1
1320,11,2012,QP,0,21,18,14,0,0,0,0,0,0,0,0,1
1322,11,2012,B5,-6,3,0,0,0,0,2,0,0,0,0,0,1
1323,11,2012,QP,0,19,31,57,0,0,0,0,0,0,0,0,1
1326,11,2012,QP,-9,3,14,8,0,2,0,0,0,0,0,0,1
1327,3,2012,B5,13,3,0,0,0,1,0,0,0,0,0,0,1
1328,3,2012,QP,0,9,7,3,0,0,0,0,0,0,0,0,1
1329,11,2012,QP,0,9,57,18,0,0,0,0,0,0,0,0,1
1330,3,2012,B5,13,4,1,0,0,2,0,0,0,0,0,0,1
1331,11,2012,B5,-9,1,0,0,0,0,0,0,0,1,0,0,1
1332,3,2012,QP,-9,6,31,17,0,0,0,0,0,0,0,0,1
1333,3,2012,QP,0,20,21,6,0,0,0,0,0,0,0,0,1
1335,3,2012,QP,0,10,40,0,0,0,0,0,0,0,0,0,1
1336,3,2012,QP,0,18,10,3,0,0,0,0,0,0,0,0,1
1338,11,2012,B5,-9,2,0,0,0,0,0,0,0,0,0,0,1
1339,11,2012,B5,15,1,0,0,0,0,0,0,0,0,0,0,1
1340,3,2012,QP,0,19,17,3,0,0,0,0,0,0,0,0,1
1341,11,2012,B5,15,4,0,0,0,0,0,0,0,0,0,0,1
1342,3,2012,QP,0,8,28,1,0,0,0,0,0,0,0,0,1
1343,3,2012,B5,-9,3,0,0,0,0,1,0,0,0,0,0,1
1344,3,2012,B5,0,2,0,1,0,2,0,5,0,0,0,0,1
1345,3,2012,B5,0,4,0,0,0,1,0,0,0,0,0,0,1
1346,3,2012,B5,-6,1,0,0,0,3,3,0,0,0,0,0,1
1347,3,2012,B5,-6,2,0,0,0,1,2,0,0,0,0,0,1
1348,3,2012,B5,15,1,1,0,0,0,0,0,0,0,0,0,1
1349,3,2012,B5,15,3,0,2,0,0,0,0,0,0,0,0,1
1354,11,2012,B5,13,4,2,0,0,1,0,0,0,0,0,0,1
1357,3,2012,B5,-6,3,0,0,0,0,1,0,0,0,0,0,1
1358,3,2012,B5,13,2,0,0,0,0,0,0,0,0,0,0,1
1359,11,2012,B5,0,6,0,1,0,0,0,0,0,0,0,0,1
1360,11,2012,B5,-6,2,0,0,0,0,0,0,0,3,0,0,1
1361,11,2012,B5,15,3,0,0,1,1,0,0,0,0,0,0,1
1364,3,2012,B5,0,8,0,0,0,0,0,1,0,0,0,0,1
1365,11,2012,B5,13,1,4,0,0,0,0,0,0,0,0,0,1
1366,3,2012,QP,-9,4,9,12,0,0,0,0,0,0,0,0,1
1367,3,2012,B5,13,5,3,1,0,0,0,0,0,0,0,0,1
1370,11,2012,B5,-9,3,0,0,0,0,0,0,0,3,0,0,1
1372,11,2012,B5,-6,1,0,0,0,0,1,0,0,0,0,0,1
1377,3,2012,B5,0,5,0,0,0,1,0,1,0,0,0,0,1
1379,11,2012,B5,13,2,0,0,0,0,0,0,0,0,0,0,1
1381,11,2012,B5,13,3,2,0,0,1,0,0,0,0,0,0,1
1382,3,2012,B5,0,6,0,0,0,1,0,2,0,0,0,0,1
1383,11,2012,B5,0,4,0,0,0,0,0,0,0,0,0,0,1
1386,3,2012,QP,-9,2,10,4,0,0,0,0,0,0,0,0,1
1388,11,2012,B5,0,3,0,1,0,0,0,0,0,2,0,0,1
1391,11,2012,B5,0,7,0,0,0,0,0,0,0,0,0,0,1
1392,11,2012,B5,0,8,0,1,0,0,0,0,0,0,0,0,1
1394,11,2012,B5,0,5,0,0,0,0,0,0,0,1,0,0,1
1398,11,2012,QP,13,2,0,0,0,0,0,0,0,0,0,0,1
1400,3,2013,B5,8,2,0,0,0,1,0,0,0,0,0,0,1
1402,3,2013,B5,8,1,0,0,0,0,0,0,0,0,0,0,1
1403,3,2013,QP,-6,1,3,6,0,0,0,0,0,0,0,0,1
1405,3,2013,QP,13,1,3,15,0,0,0,0,0,0,0,0,1
1406,3,2013,QP,15,1,79,83,0,0,0,0,0,0,0,0,1
1408,11,2013,QP,15,2,7,37,0,0,0,0,0,0,0,0,1
1414,11,2013,B5,8,1,0,0,0,1,0,0,0,0,0,0,1
1415,11,2013,QP,0,7,14,17,0,0,0,0,0,0,0,0,1
1416,11,2013,QP,0,21,9,0,0,0,0,0,0,0,0,0,1
1417,11,2013,QP,0,17,76,100,0,0,0,0,0,0,0,0,1
1420,3,2013,B5,15,4,0,0,0,0,0,0,0,0,0,0,1
1421,3,2013,QP,-6,2,9,6,0,0,0,0,0,0,0,0,1
1422,3,2013,QP,0,29,1,0,0,0,0,0,0,0,0,0,1
1423,3,2013,QP,0,30,2,6,0,0,0,0,0,0,0,0,1
1427,11,2013,QP,0,8,10,13,0,0,0,0,0,0,0,0,1
1428,11,2013,QP,0,9,9,32,0,0,0,0,0,0,0,0,1
1429,11,2013,QP,0,10,12,32,0,0,0,0,0,0,0,0,1
1430,11,2013,QP,0,11,1,2,0,0,0,0,0,0,0,0,1
1431,11,2013,QP,0,12,6,56,0,0,0,0,0,0,0,0,1
1432,11,2013,QP,0,18,20,16,0,0,0,0,0,0,0,0,1
1433,11,2013,QP,0,19,14,28,0,0,0,0,0,0,0,0,1
1434,11,2013,QP,13,2,0,0,0,0,0,0,0,0,0,0,1
1435,11,2013,QP,15,1,87,49,0,0,0,0,0,0,0,0,1
1439,3,2013,B5,15,1,0,0,0,0,0,0,0,0,0,0,1
1440,3,2013,B5,15,2,0,1,0,2,0,0,0,0,0,0,1
1441,3,2013,QP,0,17,3,13,0,0,0,0,0,0,0,0,1
1442,3,2013,QP,0,26,56,20,0,0,0,0,0,0,0,0,1
1443,3,2013,QP,0,31,2,9,0,0,0,0,0,0,0,0,1
1444,11,2013,QP,-6,1,18,25,0,0,0,0,0,0,1,0,1
1445,11,2013,QP,-6,3,4,7,0,0,0,0,0,0,0,0,1
1446,11,2013,QP,0,3,5,11,0,0,0,0,0,0,0,0,1
1447,11,2013,QP,0,13,28,23,0,0,0,0,0,0,0,0,1
1448,11,2013,QP,0,20,8,0,0,0,0,0,0,0,0,0,1
1449,11,2013,QP,0,33,24,57,0,0,0,0,0,0,0,0,1
1450,11,2013,QP,13,1,49,46,0,0,0,0,0,0,0,0,1
1451,3,2013,QP,15,2,126,58,0,0,0,0,0,0,0,0,1
1455,3,2013,QP,0,10,15,1,0,0,0,0,0,0,0,0,1
1456,3,2013,QP,0,12,59,80,0,0,0,0,0,0,0,0,1
1457,3,2013,QP,0,15,12,3,0,1,0,0,0,0,0,0,1
1460,11,2013,QP,0,31,18,112,0,0,0,0,0,0,0,0,1
1463,3,2013,QP,-9,2,34,32,0,0,0,0,0,0,0,0,1
1464,3,2013,QP,-6,3,7,53,0,0,1,0,0,0,0,0,1
1465,3,2013,QP,8,3,30,30,0,0,0,0,0,0,0,0,1
1467,11,2013,QP,0,15,23,17,0,0,0,0,0,0,0,0,1
1468,11,2013,QP,0,16,13,23,0,0,0,0,0,0,0,0,1
1469,11,2013,QP,0,28,29,58,0,0,0,0,0,0,0,0,1
1471,3,2013,QP,0,13,3,5,0,0,0,0,0,0,0,0,1
1472,3,2013,QP,0,21,8,4,0,0,0,0,0,0,0,0,1
1473,3,2013,QP,0,25,49,82,0,0,0,0,0,0,0,0,1
1475,11,2013,QP,0,34,18,76,0,0,0,0,0,0,1,0,1
1476,3,2013,QP,0,11,21,5,0,0,0,0,0,0,0,0,1
1478,11,2013,QP,0,14,47,42,0,0,0,0,0,0,0,0,1
1479,11,2013,QP,8,2,46,105,0,0,0,0,0,0,0,0,1
1481,3,2013,QP,13,2,4,15,0,1,0,0,0,0,0,0,1
1485,11,2013,B5,13,2,4,0,0,0,0,0,0,0,0,0,1
1486,11,2013,QP,-9,1,15,12,0,0,1,0,0,0,0,0,1
1487,11,2013,QP,0,29,24,11,0,0,0,0,0,0,0,0,1
1488,11,2013,QP,8,1,59,22,0,0,0,0,0,0,0,0,1
1490,3,2013,QP,8,1,14,8,0,0,0,0,0,0,0,0,1
1492,11,2013,QP,0,6,75,3,0,0,0,0,0,0,0,0,1
1493,11,2013,QP,0,22,18,71,0,0,0,0,0,0,0,0,1
1496,3,2013,QP,-9,4,7,11,0,0,2,0,0,0,0,0,1
1497,3,2013,QP,0,16,39,23,0,0,0,0,0,0,0,0,1
1498,3,2013,QP,8,2,31,11,0,0,0,0,0,0,0,0,1
1500,11,2013,B5,13,3,0,0,0,0,0,0,0,0,0,0,1
1501,11,2013,QP,0,5,10,5,0,0,0,0,0,0,0,0,1
1503,3,2013,QP,0,7,4,12,0,0,0,0,0,0,0,0,1
1506,11,2013,B5,0,1,0,0,0,0,0,0,0,0,0,0,1
1507,3,2013,B5,-9,1,0,0,0,0,0,0,0,0,0,0,1
1509,11,2013,B5,-6,1,0,0,0,0,0,0,0,0,0,0,1
1510,11,2013,QP,-9,4,29,11,0,0,0,0,0,0,0,0,1
1511,11,2013,QP,-6,2,37,31,0,0,0,0,0,0,0,0,1
1512,11,2013,QP,0,26,66,13,0,0,0,0,0,0,0,0,1
1513,3,2013,QP,0,23,22,19,0,0,0,0,0,0,0,0,1
1515,3,2013,QP,-9,1,9,9,0,0,1,0,0,0,0,0,1
1517,11,2013,B5,0,5,0,1,0,0,0,0,0,0,0,0,1
1518,3,2013,B5,-6,3,0,0,0,2,1,0,0,1,0,0,1
1519,3,2013,B5,15,3,0,1,0,0,0,0,0,1,0,0,1
1520,3,2013,QP,0,22,49,10,0,0,0,0,0,0,0,0,1
1523,11,2013,B5,-6,2,0,0,0,0,0,0,0,0,0,0,1
1524,11,2013,B5,0,3,0,0,0,0,0,0,0,0,0,0,1
1525,11,2013,B5,8,2,0,0,0,0,0,0,0,0,0,0,1
1526,11,2013,B5,15,4,0,0,0,0,0,0,0,0,0,0,1
1527,11,2013,QP,0,1,16,5,0,0,0,0,0,0,0,0,1
1528,11,2013,QP,8,3,47,31,0,0,0,0,0,0,0,0,1
1532,3,2013,QP,0,18,48,13,0,0,0,0,0,0,0,0,1
1533,3,2013,QP,0,32,31,12,0,0,0,0,0,0,0,0,1
1534,11,2013,B5,15,1,0,0,0,0,0,0,0,0,0,0,1
1536,11,2013,B5,0,6,0,0,0,0,0,0,0,0,0,0,1
1537,3,2013,QP,0,2,58,5,0,0,0,0,0,0,0,0,1
1540,3,2013,QP,0,6,38,20,0,0,0,0,0,0,0,0,1
1541,3,2013,QP,0,33,14,5,0,0,0,0,0,0,0,0,1
1542,3,2013,QP,0,20,11,9,0,0,0,0,0,0,0,0,1
1544,11,2013,QP,0,32,41,8,0,0,0,0,0,0,0,0,1
1546,3,2013,B5,13,3,0,1,0,0,0,0,0,1,0,0,1
1547,3,2013,QP,0,14,16,6,0,0,0,0,0,0,0,0,1
1548,3,2013,QP,0,24,28,5,0,0,0,0,0,0,0,0,1
1549,11,2013,B5,13,4,0,0,0,0,0,0,0,0,0,0,1
1550,11,2013,QP,0,2,121,6,0,0,0,0,0,0,0,0,1
1551,3,2013,QP,0,9,31,2,0,0,0,0,0,0,0,0,1
1553,11,2013,B5,-9,3,0,0,0,0,0,0,0,0,0,0,1
1554,11,2013,B5,0,4,0,2,0,0,0,0,0,2,0,0,1
1556,3,2013,B5,-9,3,0,0,0,0,0,0,0,0,0,0,1
1557,3,2013,QP,0,1,31,1,0,0,0,0,0,0,0,0,1
1558,3,2013,QP,0,27,12,60,0,0,0,0,0,0,0,0,1
1559,11,2013,B5,-9,1,0,0,0,0,0,0,0,0,0,0,1
1562,3,2013,B5,0,2,0,0,0,0,0,0,0,1,0,0,1
1563,3,2013,B5,13,1,0,0,0,1,0,0,0,1,0,0,1
1564,3,2013,QP,0,8,41,12,0,0,0,0,0,0,0,0,1
1565,3,2013,QP,0,19,49,1,0,0,0,0,0,0,0,0,1
1567,11,2013,QP,-9,2,19,11,0,0,3,0,0,0,0,0,1
1568,11,2013,QP,0,4,28,7,0,0,0,0,0,0,0,0,1
1569,11,2013,QP,0,27,42,16,0,0,0,0,0,0,0,0,1
1570,3,2013,B5,-9,2,0,0,0,0,0,0,0,0,0,0,1
1571,3,2013,B5,13,5,3,1,0,0,0,0,0,1,0,0,1
1573,11,2013,B5,-9,2,0,0,0,0,0,0,0,0,0,0,1
1574,11,2013,QP,-9,6,21,15,0,0,0,0,0,0,0,0,1
1575,11,2013,QP,0,30,10,10,0,0,0,0,0,0,0,0,1
1577,11,2013,B5,-6,3,0,0,0,0,0,0,0,0,0,0,1
1578,3,2013,B5,13,2,0,0,0,0,0,0,0,1,0,0,1
1579,3,2013,QP,0,28,57,27,0,0,0,0,0,0,0,0,1
1580,11,2013,QP,-9,5,1,5,0,1,0,0,0,0,0,0,1
1581,11,2013,QP,0,23,14,22,0,0,0,0,0,0,0,0,1
1582,3,2013,QP,0,5,26,19,0,0,0,0,0,0,0,0,1
1583,3,2013,QP,0,34,12,4,0,0,1,0,0,0,0,0,1
1586,3,2013,QP,0,4,11,4,0,0,0,0,0,0,0,0,1
1587,11,2013,QP,0,24,22,69,0,0,0,0,0,0,0,0,1
1589,11,2013,B5,15,3,0,0,0,1,0,0,0,0,0,0,1
1590,11,2013,QP,-9,3,31,14,0,0,0,0,0,0,0,0,1
1591,11,2013,QP,0,25,6,19,0,0,1,0,0,0,0,0,1
1594,3,2013,B5,-6,1,0,0,0,0,0,0,0,2,0,0,1
1595,3,2013,B5,13,4,0,2,0,0,0,0,0,1,0,0,1
1596,3,2013,QP,0,3,29,3,0,0,0,0,0,0,0,0,1
1598,3,2013,B5,0,1,0,3,0,1,0,0,0,7,0,0,1
1600,3,2013,QP,-9,5,17,17,0,0,3,0,0,0,0,0,1
1602,3,2013,B5,-6,2,0,1,0,1,0,0,0,1,0,0,1
1604,11,2013,B5,0,2,0,3,0,0,0,0,0,1,0,0,1
1607,3,2013,B5,0,4,0,2,0,0,0,0,0,4,0,0,1
1608,3,2013,B5,0,5,0,1,0,0,0,0,0,1,0,0,1
1609,11,2013,B5,15,2,0,3,0,0,0,0,0,0,0,0,1
1612,11,2013,B5,13,1,0,0,0,2,0,0,0,0,0,0,1
1613,11,2013,B5,13,5,6,0,0,0,0,0,0,0,0,0,1
1614,11,2013,B5,0,7,0,0,0,0,0,0,0,0,0,0,1
1615,11,2013,B5,0,8,0,0,0,0,0,0,0,1,0,0,1
1616,3,2013,QP,-9,3,19,18,0,0,3,0,0,0,0,0,1
1617,3,2013,QP,-9,6,26,16,0,0,2,0,0,0,0,0,1
1618,3,2013,B5,0,8,0,0,0,0,0,0,0,2,0,0,1
1620,3,2013,B5,0,7,0,0,0,0,0,0,0,1,0,0,1
1622,3,2013,B5,0,6,0,2,0,0,0,0,0,2,0,0,1
1623,3,2013,B5,0,3,0,0,0,0,0,0,0,1,0,0,1
1680,3,2014,B5,8,1,0,0,0,0,0,0,0,0,0,0,1
1681,3,2014,B5,15,2,2,0,0,0,0,0,0,0,0,0,1
1682,3,2014,B5,0,1,0,0,0,3,0,0,0,0,0,0,1
1683,3,2014,B5,15,1,0,1,0,0,0,0,0,0,0,0,1
1684,3,2014,B5,13,5,3,0,0,0,0,0,0,0,0,0,1
1685,3,2014,B5,13,1,0,0,0,1,0,0,0,0,0,0,1
1686,3,2014,B5,13,2,1,0,0,1,0,0,0,0,0,0,1
1687,3,2014,B5,13,3,2,1,0,0,1,0,0,0,0,0,1
1688,3,2014,B5,8,2,0,0,0,0,0,0,0,1,0,0,1
1689,3,2014,B5,0,6,0,5,0,0,0,0,0,5,0,0,1
1690,3,2014,B5,13,4,0,0,0,0,0,0,0,0,0,0,1
1691,3,2014,B5,0,5,0,4,0,0,0,0,0,0,0,0,1
1692,3,2014,B5,-9,1,0,4,0,0,0,0,0,1,0,0,1
1693,3,2014,B5,15,3,0,0,0,0,0,0,0,0,0,0,1
1694,3,2014,B5,0,3,0,0,0,0,0,0,0,2,0,0,1
1695,3,2014,B5,0,7,0,1,0,0,0,0,0,0,0,0,1
1696,3,2014,B5,0,2,0,0,0,2,0,0,0,0,0,0,1
1697,3,2014,B5,-6,2,0,0,0,1,0,0,0,2,0,0,1
1698,3,2014,B5,-9,3,0,2,0,0,0,0,0,0,0,0,1
1699,3,2014,B5,0,4,0,0,0,1,0,0,0,0,0,0,1
1700,3,2014,B5,15,4,0,0,0,0,0,0,0,0,0,0,1
1701,3,2014,B5,-9,2,0,0,0,0,0,0,0,1,0,0,1
1702,3,2014,B5,-6,3,0,0,0,0,0,0,0,5,0,0,1
1703,3,2014,B5,-6,1,0,0,0,1,0,0,0,1,0,0,1
1704,3,2014,B5,0,8,0,0,0,1,0,0,0,0,0,0,1
1705,11,2014,B5,0,5,0,0,0,0,0,2,0,0,0,0,1
1706,11,2014,B5,8,1,0,0,0,0,0,1,0,0,0,0,1
1707,11,2014,B5,8,2,0,0,0,0,0,1,0,0,0,0,1
1708,11,2014,B5,13,5,0,0,0,0,0,1,0,0,0,0,1
1709,11,2014,B5,13,4,0,0,0,0,0,0,0,0,0,0,1
1710,11,2014,B5,0,1,0,0,0,0,0,1,0,0,0,0,1
1711,11,2014,B5,-9,2,0,0,0,0,0,0,0,0,0,0,1
1712,11,2014,B5,-9,1,0,0,0,0,0,0,0,0,0,0,1
1713,11,2014,B5,-6,1,0,0,0,0,0,0,0,0,0,0,1
1714,11,2014,B5,0,6,0,1,0,0,0,1,0,0,0,0,1
1715,11,2014,B5,-6,2,0,1,0,1,0,0,0,0,0,0,1
1716,11,2014,B5,0,4,0,1,0,0,0,0,0,0,0,0,1
1717,11,2014,B5,0,7,0,0,0,1,0,1,0,0,0,0,1
1718,11,2014,B5,15,4,1,0,0,1,0,0,0,0,0,0,1
1719,11,2014,B5,13,1,0,0,0,0,0,0,0,0,0,0,1
1720,11,2014,B5,15,1,0,0,0,0,0,0,0,0,0,0,1
1721,11,2014,B5,0,2,0,0,0,0,0,0,0,0,0,0,1
1722,11,2014,B5,13,2,1,0,0,0,0,1,0,0,0,0,1
1723,11,2014,B5,15,3,0,0,0,0,0,0,0,0,0,0,1
1724,11,2014,B5,13,3,5,1,1,0,0,1,0,0,0,0,1
1725,11,2014,B5,-6,3,0,1,0,1,0,0,0,0,0,0,1
1726,11,2014,B5,15,2,1,1,0,1,0,0,0,0,0,0,1
1727,11,2014,B5,0,3,0,0,0,1,0,0,0,0,0,0,1
1728,11,2014,B5,-9,3,0,0,0,1,0,2,0,0,0,0,1
1729,11,2014,B5,0,8,0,0,0,1,0,0,0,0,0,0,1
1730,3,2014,QP,13,2,1,8,0,0,0,0,0,0,0,0,1
1731,3,2014,QP,15,2,54,77,0,0,0,0,0,0,0,0,1
1732,3,2014,QP,-6,3,19,31,0,0,0,0,0,0,0,0,1
1733,3,2014,QP,15,1,8,50,0,0,0,0,0,0,0,0,1
1734,3,2014,QP,0,11,2,0,0,0,0,0,0,0,0,0,1
1735,3,2014,QP,0,18,8,5,0,0,0,0,0,0,0,0,1
1736,3,2014,QP,0,15,9,5,0,0,0,0,0,0,1,0,1
1737,3,2014,QP,0,8,8,9,0,0,0,0,0,0,0,0,1
1738,3,2014,QP,0,31,23,18,0,0,0,0,0,0,0,0,1
1739,3,2014,QP,-9,2,15,25,0,0,0,0,0,1,0,0,1
1740,3,2014,QP,-9,5,31,41,0,0,0,0,0,0,0,0,1
1741,3,2014,QP,0,21,7,9,0,0,0,0,0,0,0,0,1
1742,3,2014,QP,0,34,48,56,0,0,0,0,0,0,0,0,1
1743,3,2014,QP,0,26,16,2,0,0,0,0,0,0,0,0,1
1744,3,2014,QP,13,1,62,69,0,0,0,0,0,0,0,0,1
1745,3,2014,QP,-9,3,10,19,0,0,1,0,0,0,0,0,1
1746,3,2014,QP,0,2,10,2,0,0,0,0,0,0,0,0,1
1747,3,2014,QP,0,7,14,38,0,0,0,0,0,0,0,0,1
1748,3,2014,QP,0,14,1,9,0,0,0,0,0,0,0,0,1
1749,3,2014,QP,0,27,24,26,0,0,0,0,0,0,0,0,1
1750,3,2014,QP,0,4,53,14,0,0,0,0,0,0,0,0,1
1751,3,2014,QP,-9,1,23,10,0,0,0,0,0,0,0,0,1
1752,3,2014,QP,8,1,19,53,0,0,0,0,0,0,0,0,1
1753,3,2014,QP,0,9,5,13,0,0,0,0,0,0,0,0,1
1754,3,2014,QP,-6,2,18,13,0,1,0,0,0,0,0,0,1
1755,3,2014,QP,0,16,1,5,0,0,0,0,0,0,0,0,1
1756,3,2014,QP,0,22,67,14,0,0,0,0,0,0,0,0,1
1757,3,2014,QP,-9,4,72,19,0,0,0,0,0,0,0,0,1
1758,3,2014,QP,0,5,19,35,0,0,0,0,0,0,0,0,1
1759,3,2014,QP,8,2,44,42,0,0,0,0,0,0,0,0,1
1760,3,2014,QP,0,19,5,43,0,0,0,0,0,0,0,0,1
1761,3,2014,QP,0,33,32,48,0,0,0,0,0,0,0,0,1
1762,3,2014,QP,-6,1,25,36,0,0,0,0,0,0,0,0,1
1763,3,2014,QP,0,12,17,3,0,0,0,0,0,0,0,0,1
1764,3,2014,QP,0,24,45,23,0,0,0,0,0,0,0,0,1
1765,3,2014,QP,0,30,41,67,0,0,0,0,0,0,0,0,1
1766,3,2014,QP,0,6,45,13,0,0,0,0,0,0,0,0,1
1767,3,2014,QP,0,32,39,72,0,0,0,0,0,0,0,0,1
1768,3,2014,QP,0,28,53,32,0,0,0,0,0,0,0,0,1
1769,3,2014,QP,8,3,44,13,0,0,0,0,0,0,0,0,1
1770,3,2014,QP,0,29,29,45,0,0,0,0,0,0,1,0,1
1771,3,2014,QP,0,3,59,11,0,0,0,0,0,0,0,0,1
1772,3,2014,QP,0,10,26,21,0,1,0,0,0,0,0,0,1
1773,3,2014,QP,0,20,9,25,0,0,0,0,0,0,0,0,1
1774,3,2014,QP,0,25,53,20,0,0,0,0,0,0,0,0,1
1775,3,2014,QP,0,17,56,46,0,0,0,0,0,0,0,0,1
1776,3,2014,QP,0,13,35,20,0,0,0,0,0,0,0,0,1
1777,3,2014,QP,0,23,35,48,0,0,0,0,0,0,0,0,1
1778,3,2014,QP,0,1,43,13,0,0,0,0,0,0,0,0,1
1779,3,2014,QP,-9,6,21,25,0,0,1,0,0,0,0,0,1
1780,12,2014,QP,15,2,32,61,0,0,0,0,0,0,0,0,1
1781,12,2014,QP,15,1,34,62,0,0,0,0,0,0,0,0,1
1783,12,2014,QP,13,1,7,20,0,0,0,0,0,0,0,0,1
1784,12,2014,QP,0,18,15,21,0,0,0,0,0,0,0,0,1
1785,12,2014,QP,0,25,59,56,0,0,0,0,0,0,0,0,1
1786,12,2014,QP,0,12,6,19,0,0,0,0,0,0,0,0,1
1787,12,2014,QP,0,24,20,39,0,0,0,0,0,0,0,0,1
1788,12,2014,QP,0,10,5,83,0,0,0,0,0,0,0,0,1
1789,12,2014,QP,0,16,7,11,0,0,0,0,0,0,0,0,1
1790,12,2014,QP,0,32,1,17,0,0,0,0,0,0,0,0,1
1791,12,2014,QP,0,9,11,106,0,0,0,0,0,0,0,0,1
1792,12,2014,QP,-9,4,2,7,0,0,1,0,0,0,0,0,1
1793,12,2014,QP,-9,2,1,4,0,0,0,0,0,0,0,0,1
1794,12,2014,QP,0,7,2,87,0,0,0,0,0,0,0,0,1
1795,12,2014,QP,0,11,4,128,0,0,0,0,0,0,0,0,1
1796,12,2014,QP,0,30,8,62,0,0,0,0,0,0,0,0,1
1797,12,2014,QP,-9,6,15,11,0,0,1,0,0,0,0,0,1
1798,12,2014,QP,0,21,17,19,0,0,0,0,0,0,0,0,1
1799,12,2014,QP,-9,3,2,0,0,0,0,0,0,0,0,0,1
1800,12,2014,QP,0,13,7,70,0,0,0,0,0,0,0,0,1
1801,12,2014,QP,0,4,4,8,0,0,0,0,0,0,0,0,1
1802,12,2014,QP,0,2,22,71,0,0,0,0,0,0,0,0,1
1803,12,2014,QP,0,6,7,15,0,0,1,0,0,0,0,0,1
1804,12,2014,QP,-9,5,39,15,0,0,0,0,0,0,0,0,1
1805,12,2014,QP,0,29,8,41,0,0,0,0,0,0,0,0,1
1806,12,2014,QP,-6,1,5,8,0,1,0,0,0,0,0,0,1
1807,12,2014,QP,0,14,11,37,0,0,0,0,0,0,0,0,1
1808,12,2014,QP,0,8,9,64,0,0,0,0,0,0,0,0,1
1809,12,2014,QP,0,23,34,17,0,0,0,0,0,0,0,0,1
1810,12,2014,QP,8,2,40,79,0,0,1,0,0,0,0,0,1
1811,12,2014,QP,0,31,44,61,0,0,0,0,0,0,0,0,1
1812,12,2014,QP,0,27,17,33,0,0,0,0,0,0,0,0,1
1813,12,2014,QP,0,34,15,66,0,0,0,0,0,0,0,0,1
1814,12,2014,QP,8,3,7,36,0,0,0,0,0,0,0,0,1
1815,12,2014,QP,0,33,31,73,0,0,0,0,0,0,0,0,1
1816,12,2014,QP,-9,1,9,16,0,0,1,0,0,0,0,0,1
1817,12,2014,QP,8,1,38,49,0,0,0,0,0,0,0,0,1
1818,12,2014,QP,0,19,9,12,0,1,0,0,0,0,0,0,1
1819,12,2014,QP,0,22,8,22,0,0,0,0,0,0,0,0,1
1820,12,2014,QP,-6,3,4,10,0,0,0,0,0,0,0,0,1
1821,12,2014,QP,0,15,25,17,0,0,0,0,0,0,0,0,1
1822,12,2014,QP,0,3,40,38,0,0,0,0,1,0,0,0,1
1823,12,2014,QP,0,1,61,38,0,0,0,0,0,0,0,0,1
1824,12,2014,QP,0,26,52,62,0,0,0,0,0,0,0,0,1
1825,12,2014,QP,-6,2,7,8,0,0,1,0,0,0,0,0,1
1826,12,2014,QP,0,28,10,35,0,0,1,0,0,0,0,0,1
1827,12,2014,QP,0,5,16,15,0,0,1,0,0,0,0,0,1
1828,12,2014,QP,0,20,43,16,0,0,0,0,0,0,0,0,1
1829,12,2014,QP,0,17,30,12,0,0,1,0,0,0,0,0,1
1870,2,2015,QP,-6,1,7,1,0,0,0,0,0,0,0,0,1
1874,2,2015,QP,-6,3,17,20,0,0,0,0,0,0,1,0,1
1876,2,2015,QP,15,1,77,70,0,0,0,0,0,0,0,0,1
1882,11,2015,QP,0,26,18,29,0,0,0,0,0,0,0,0,1
1883,2,2015,QP,-6,2,6,16,0,1,1,0,0,0,1,0,1
1884,11,2015,QP,0,29,10,11,0,0,0,0,0,0,0,0,1
1887,2,2015,QP,0,22,4,2,0,0,0,0,0,0,0,0,1
1888,2,2015,QP,0,3,35,50,0,0,0,0,0,0,1,0,1
1889,2,2015,QP,0,15,2,2,0,0,0,0,0,0,0,0,1
1890,2,2015,QP,0,17,8,20,0,0,0,0,0,0,0,0,1
1891,2,2015,QP,0,19,17,36,0,0,0,0,0,0,0,0,1
1893,11,2015,QP,0,11,18,8,0,0,0,0,0,0,0,0,1
1894,11,2015,QP,15,1,39,77,0,0,0,0,0,0,0,0,1
1895,11,2015,QP,15,2,80,149,0,0,0,0,0,0,0,0,1
1897,2,2015,QP,-9,2,21,19,0,0,0,2,0,0,0,0,1
1898,2,2015,QP,0,26,20,26,0,0,0,0,0,0,0,0,1
1899,2,2015,QP,0,29,14,50,0,0,0,0,0,0,0,0,1
1900,2,2015,QP,0,32,5,14,0,0,0,0,0,0,0,0,1
1901,11,2015,QP,13,2,1,0,0,1,0,0,0,0,0,0,1
1902,11,2015,B5,-6,1,0,0,0,0,2,0,0,0,0,0,1
1904,2,2015,B5,8,1,0,0,0,1,1,0,0,0,0,0,1
1905,11,2015,QP,8,1,30,66,0,0,0,0,0,0,0,0,1
1906,11,2015,QP,13,1,4,1,0,0,0,0,0,0,0,0,1
1907,2,2015,QP,8,2,0,0,0,0,0,0,0,0,0,0,1
1909,2,2015,QP,-9,4,14,26,0,0,0,0,0,0,0,0,1
1910,2,2015,QP,-9,6,25,22,0,0,0,0,0,1,0,0,1
1911,2,2015,QP,0,10,2,8,0,0,0,0,0,0,0,0,1
1912,2,2015,QP,0,33,5,4,0,0,0,0,0,0,0,0,1
1913,11,2015,QP,0,19,16,6,0,0,0,0,0,0,0,0,1
1914,2,2015,QP,0,7,3,3,0,0,0,0,0,0,0,0,1
1915,11,2015,QP,0,20,6,10,0,0,0,0,0,0,0,0,1
1918,2,2015,B5,13,1,1,0,0,0,0,0,0,0,0,0,1
1919,2,2015,B5,13,5,0,0,0,0,1,0,0,0,0,0,1
1920,2,2015,QP,-9,5,47,55,0,0,0,1,0,0,0,0,1
1921,2,2015,QP,0,1,27,66,0,0,0,0,0,0,0,0,1
1922,2,2015,QP,0,14,7,5,0,0,0,0,0,0,0,0,1
1923,2,2015,QP,-9,1,16,11,0,1,0,0,0,2,0,0,1
1924,2,2015,QP,0,2,7,122,0,0,0,0,0,0,0,0,1
1925,2,2015,QP,0,31,16,142,0,0,0,0,0,0,0,0,1
1926,11,2015,QP,0,2,11,9,0,0,0,0,0,0,0,0,1
1927,11,2015,B5,0,1,0,0,0,0,0,0,0,0,0,0,1
1928,2,2015,QP,0,13,23,9,0,0,0,0,0,0,0,0,1
1929,2,2015,QP,0,16,23,18,0,0,0,0,0,0,0,0,1
1930,2,2015,QP,0,28,13,23,0,0,0,0,0,0,0,0,1
1931,11,2015,QP,0,30,11,20,0,0,0,0,0,0,0,0,1
1933,2,2015,QP,0,4,48,47,0,0,0,0,0,0,0,0,1
1934,2,2015,QP,0,21,2,25,0,0,0,0,0,0,0,0,1
1937,11,2015,QP,0,4,39,37,0,0,0,0,0,0,0,0,1
1940,11,2015,B5,13,1,0,0,0,0,2,0,0,0,0,0,1
1948,2,2015,B5,8,2,0,0,0,1,1,0,0,0,0,0,1
1949,2,2015,QP,0,20,10,26,0,0,2,0,0,0,0,0,1
1950,2,2015,QP,0,23,80,0,0,0,0,0,0,0,0,0,1
1951,2,2015,QP,0,30,24,42,0,0,0,0,0,0,0,0,1
1952,2,2015,QP,0,34,4,25,0,0,0,0,0,0,0,0,1
1954,11,2015,QP,0,31,25,10,0,0,0,0,0,0,0,0,1
1955,11,2015,B5,8,2,0,0,0,1,0,0,0,0,0,0,1
1957,2,2015,QP,0,6,21,102,0,0,0,0,0,0,0,0,1
1958,2,2015,QP,0,25,22,31,0,0,0,0,0,0,0,0,1
1960,11,2015,B5,8,1,0,0,0,0,0,0,0,0,0,0,1
1962,11,2015,QP,0,3,8,3,0,0,0,0,0,0,0,0,1
1963,11,2015,QP,0,6,18,4,0,0,0,0,0,0,0,0,1
1964,2,2015,QP,0,12,29,2,0,0,0,0,0,0,0,0,1
1965,11,2015,QP,8,3,60,31,0,0,0,0,0,0,0,0,1
1966,2,2015,B5,0,1,0,0,0,1,0,0,0,0,0,0,1
1967,2,2015,QP,0,18,105,11,0,0,0,0,0,0,0,0,1
1968,11,2015,QP,0,18,5,1,0,0,0,0,0,0,0,0,1
1969,2,2015,B5,-9,1,0,2,0,0,0,0,0,0,0,0,1
1970,11,2015,QP,0,17,28,7,0,0,0,0,0,0,0,0,1
1973,2,2015,QP,0,24,0,0,0,0,0,0,0,0,0,0,1
1974,11,2015,QP,0,16,6,4,0,0,0,0,0,0,0,0,1
1975,2,2015,QP,8,1,29,63,0,0,0,0,0,0,0,0,1
1978,11,2015,QP,0,32,2,16,0,1,0,0,0,0,0,0,1
1980,2,2015,QP,0,9,49,39,0,0,0,0,0,0,0,0,1
1981,2,2015,QP,8,3,33,0,0,0,0,0,0,0,0,0,1
1982,11,2015,QP,-6,3,2,51,0,0,0,0,0,0,0,0,1
1983,11,2015,QP,0,21,22,7,0,0,0,0,0,0,0,0,1
1984,11,2015,QP,0,22,1,5,0,0,0,0,0,0,0,0,1
1985,11,2015,QP,0,25,7,22,0,0,0,0,0,0,0,0,1
1988,11,2015,B5,-9,3,0,1,0,0,0,0,0,4,0,0,1
1989,11,2015,B5,0,4,0,0,0,0,0,0,0,0,0,0,1
1992,11,2015,QP,0,10,11,6,0,0,0,0,0,0,0,0,1
1993,11,2015,QP,0,27,16,7,0,0,0,0,0,0,0,0,1
1994,2,2015,B5,-9,2,0,0,0,0,0,0,0,0,0,0,1
1995,2,2015,B5,0,6,0,0,0,0,0,0,0,0,0,0,1
1996,11,2015,QP,-9,2,13,3,0,0,1,0,0,0,0,0,1
1997,11,2015,QP,-6,1,19,42,0,0,0,0,0,0,0,0,1
1998,11,2015,QP,0,9,85,29,0,0,0,0,0,0,0,0,1
1999,11,2015,QP,0,12,15,3,0,0,0,0,0,0,0,0,1
2001,11,2015,B5,15,1,0,0,0,0,0,0,0,1,0,0,1
2004,11,2015,QP,0,7,22,12,0,0,0,0,0,0,0,0,1
2005,11,2015,B5,13,2,2,1,0,0,0,0,0,0,0,0,1
2006,11,2015,QP,0,8,67,5,0,0,0,0,0,0,0,0,1
2007,11,2015,QP,0,14,22,0,0,0,0,0,0,0,0,0,1
2008,11,2015,QP,0,23,10,22,0,0,0,0,0,0,0,0,1
2009,11,2015,QP,-6,2,0,3,0,0,0,0,0,0,0,0,1
2010,11,2015,QP,0,28,15,27,0,0,0,0,0,0,0,0,1
2014,2,2015,B5,15,1,4,0,0,1,1,0,0,1,0,0,1
2015,11,2015,QP,0,34,5,5,0,0,0,0,0,0,0,0,1
2016,11,2015,QP,8,2,56,27,0,0,0,0,0,0,0,0,1
2017,11,2015,B5,-9,1,0,3,0,0,1,0,0,2,0,0,1
2019,2,2015,B5,15,2,0,1,0,0,0,0,0,0,0,0,1
2021,2,2015,QP,0,27,2,6,0,0,0,0,0,0,0,0,1
2022,11,2015,QP,-9,3,4,2,0,0,1,0,0,0,0,0,1
2023,11,2015,QP,0,5,1,1,0,1,0,0,0,0,0,0,1
2024,2,2015,QP,0,5,5,47,0,0,1,1,0,0,0,0,1
2025,2,2015,QP,0,8,17,19,0,1,2,0,0,0,0,0,1
2026,2,2015,B5,15,4,2,0,0,0,0,0,0,0,0,0,1
2028,11,2015,QP,0,1,24,13,0,0,0,0,0,0,1,0,1
2030,11,2015,B5,-6,2,0,0,0,0,2,0,0,0,0,0,1
2032,2,2015,B5,13,2,1,0,0,2,0,0,0,1,0,0,1
2033,2,2015,QP,0,11,19,5,0,0,0,0,0,0,0,0,1
2034,11,2015,QP,-9,5,17,15,0,0,0,0,0,0,0,0,1
2035,11,2015,QP,0,33,10,30,0,0,0,0,0,0,0,0,1
2037,11,2015,B5,15,2,0,0,0,0,0,0,0,0,0,0,1
2038,2,2015,B5,0,3,0,8,0,0,3,0,0,0,0,0,1
2039,2,2015,B5,13,4,4,1,0,0,2,0,0,0,0,0,1
2040,2,2015,QP,-9,3,29,7,0,0,0,0,0,0,0,0,1
2041,11,2015,QP,-9,4,5,5,0,0,1,0,2,0,0,0,1
2042,11,2015,QP,0,13,19,15,0,0,0,0,0,0,0,0,1
2043,11,2015,QP,0,24,13,19,0,0,0,0,0,0,0,0,1
2046,11,2015,B5,0,3,0,0,0,0,0,0,0,0,0,0,1
2048,11,2015,B5,13,3,0,0,0,2,0,0,0,0,0,0,1
2049,11,2015,B5,13,4,4,4,0,0,1,0,0,0,0,0,1
2050,11,2015,QP,0,15,21,114,0,0,0,0,0,0,0,0,1
2052,11,2015,B5,15,3,0,0,0,0,0,0,0,0,0,0,1
2053,11,2015,B5,15,4,0,0,0,0,0,0,0,0,0,0,1
2055,11,2015,B5,-9,2,0,2,0,0,0,0,0,1,0,0,1
2057,2,2015,B5,0,4,0,0,0,2,0,0,0,0,0,0,1
2058,2,2015,B5,0,2,0,1,0,0,2,0,0,0,0,0,1
2059,2,2015,B5,0,5,0,1,0,0,0,0,0,1,0,0,1
2060,2,2015,B5,15,3,0,0,0,0,0,0,0,0,0,0,1
2061,11,2015,B5,0,2,0,0,0,0,0,0,0,3,0,0,1
2062,11,2015,QP,-9,1,9,3,0,0,1,0,0,0,0,0,1
2067,11,2015,B5,-6,3,0,0,0,0,0,0,0,0,0,0,1
2068,11,2015,B5,13,5,0,0,0,0,0,0,0,0,0,0,1
2069,11,2015,QP,-9,6,0,9,0,0,1,0,0,0,0,0,1
2070,11,2015,B5,0,5,0,0,0,1,0,0,0,0,0,0,1
2071,2,2015,B5,-6,3,0,0,0,0,0,0,0,0,0,0,1
2075,2,2015,B5,0,7,0,0,0,0,0,0,0,0,0,0,1
2076,2,2015,B5,13,3,4,0,0,0,1,0,0,0,0,0,1
2079,2,2015,B5,0,8,0,0,0,0,0,0,0,1,0,0,1
2081,2,2015,B5,-9,3,0,0,0,0,0,0,0,0,0,0,1
2083,2,2015,B5,-6,2,0,0,0,0,0,0,0,0,0,0,1
2084,2,2015,B5,-6,1,0,0,0,0,0,0,0,0,0,0,1
2085,11,2015,B5,0,8,0,0,0,0,0,0,0,0,0,0,1
2086,11,2015,B5,0,7,0,0,0,0,0,0,0,0,0,0,1
2087,11,2015,B5,0,6,0,0,0,0,0,0,0,0,0,0,1
2089,2,2015,QP,13,1,0,0,0,0,0,0,0,0,0,0,1
2090,2,2015,QP,13,2,0,0,0,0,0,0,0,0,0,0,1
2091,2,2015,QP,15,2,0,0,0,0,0,0,0,0,0,0,1
2095,2,2016,QP,0,32,12,54,0,0,0,0,0,0,0,0,1
2099,11,2016,QP,0,2,10,65,0,0,0,0,0,0,0,0,1
2102,2,2016,QP,0,25,7,8,0,0,0,0,0,0,0,0,1
2103,2,2016,QP,0,26,10,36,0,0,0,0,0,0,0,0,1
2104,2,2016,QP,0,31,14,36,0,0,0,0,0,0,0,0,1
2105,11,2016,QP,0,24,7,19,0,0,0,0,0,0,0,0,1
2106,2,2016,QP,15,1,8,14,0,0,0,0,0,0,0,0,1
2109,2,2016,QP,0,10,4,4,0,0,0,0,0,0,0,0,1
2110,2,2016,QP,0,29,5,7,0,0,0,1,0,0,0,0,1
2111,2,2016,QP,13,1,13,5,0,0,0,0,0,0,0,0,1
2112,2,2016,QP,13,2,20,7,0,0,0,0,0,0,0,0,1
2114,11,2016,QP,15,2,36,71,0,0,0,0,0,0,0,0,1
2115,2,2016,B5,8,1,0,0,0,0,0,0,0,0,0,0,1
2116,2,2016,QP,-6,3,2,12,0,0,0,0,0,0,0,0,1
2117,2,2016,QP,0,8,8,15,0,0,0,0,0,0,0,0,1
2118,2,2016,QP,0,27,2,16,0,0,0,0,0,0,0,0,1
2119,2,2016,QP,0,33,18,77,0,0,0,0,0,0,0,0,1
2121,2,2016,QP,0,1,0,35,0,0,0,0,0,0,0,0,1
2122,2,2016,QP,0,14,15,13,0,0,0,0,0,0,0,0,1
2123,2,2016,QP,0,21,19,85,0,0,0,0,0,0,0,0,1
2124,2,2016,QP,0,28,7,27,0,0,0,0,0,0,0,0,1
2125,2,2016,B5,8,2,0,0,0,0,0,0,0,0,0,0,1
2126,2,2016,QP,0,7,7,5,0,0,0,0,0,0,0,0,1
2127,2,2016,QP,0,13,5,12,0,1,0,0,0,0,0,0,1
2128,2,2016,QP,0,30,9,27,0,0,0,0,0,0,1,0,1
2129,2,2016,QP,15,2,17,36,0,0,0,0,0,0,0,0,1
2130,2,2016,QP,15,3,79,84,0,0,0,0,0,0,0,0,1
2131,11,2016,QP,0,26,3,5,0,0,0,0,0,0,0,0,1
2133,11,2016,QP,0,28,4,3,0,0,0,0,0,0,0,0,1
2135,2,2016,QP,0,15,20,21,0,0,0,0,0,0,0,0,1
2136,11,2016,QP,0,18,0,4,0,0,1,0,0,0,0,0,1
2141,2,2016,B5,13,3,0,0,0,0,0,0,0,0,0,0,1
2142,2,2016,B5,15,1,0,0,0,0,1,0,0,0,0,0,1
2143,2,2016,QP,-9,6,0,0,0,0,0,0,0,0,0,0,1
2144,2,2016,QP,-6,1,18,9,0,0,0,0,0,0,0,0,1
2145,2,2016,QP,8,3,51,42,0,0,0,0,0,0,0,0,1
2150,11,2016,QP,0,3,19,16,0,0,0,0,0,0,0,0,1
2151,11,2016,QP,0,30,3,22,0,0,0,0,0,0,0,0,1
2153,11,2016,B5,15,4,0,0,0,0,0,0,0,0,0,0,1
2159,11,2016,QP,0,9,9,7,0,0,0,0,0,0,0,0,1
2162,2,2016,QP,0,3,10,45,0,0,0,0,0,0,0,0,1
2163,2,2016,QP,0,12,56,62,0,0,0,0,0,0,0,0,1
2164,2,2016,QP,0,24,13,11,0,0,0,0,0,0,0,0,1
2165,2,2016,QP,8,1,49,53,0,0,0,0,0,0,0,0,1
2166,2,2016,QP,8,2,39,86,0,0,0,0,0,0,0,0,1
2167,11,2016,QP,-9,6,2,36,0,0,0,0,0,0,0,0,1
2168,11,2016,B5,0,2,0,0,0,2,0,0,0,0,0,0,1
2169,11,2016,QP,0,32,26,9,0,0,0,0,0,0,0,0,1
2171,2,2016,QP,0,2,17,145,0,0,0,0,0,0,0,0,1
2172,2,2016,QP,0,17,14,11,0,0,0,0,0,0,0,0,1
2173,2,2016,QP,0,18,24,67,0,0,0,0,0,0,0,0,1
2174,11,2016,QP,0,31,4,4,0,0,0,0,0,0,0,0,1
2176,2,2016,B5,0,8,0,0,0,0,0,0,0,0,0,0,1
2177,2,2016,B5,15,3,0,0,0,1,0,0,0,0,0,0,1
2178,2,2016,QP,0,34,42,35,0,0,0,0,0,0,0,0,1
2179,11,2016,QP,15,1,39,46,0,0,0,0,0,0,0,0,1
2182,11,2016,QP,0,27,3,5,0,0,0,0,0,0,0,0,1
2183,2,2016,QP,-6,2,5,14,0,0,0,0,0,0,0,0,1
2184,2,2016,QP,0,23,12,29,0,0,0,0,0,0,0,0,1
2185,11,2016,QP,0,12,50,20,0,0,0,0,0,0,0,0,1
2186,11,2016,QP,0,21,15,21,0,0,0,0,0,0,0,0,1
2188,11,2016,QP,0,4,15,57,0,0,0,0,0,0,0,0,1
2189,11,2016,QP,0,17,12,19,0,0,0,0,0,0,0,0,1
2192,11,2016,QP,0,7,2,46,0,0,0,0,0,0,0,0,1
2193,11,2016,QP,0,13,7,25,0,0,1,0,0,0,0,0,1
2194,2,2016,QP,0,6,22,13,0,0,0,0,0,0,0,0,1
2196,11,2016,B5,0,6,0,0,0,0,0,0,0,0,0,0,1
2197,2,2016,QP,0,11,38,17,0,0,0,0,0,0,0,0,1
2198,2,2016,QP,0,19,4,19,0,0,0,0,0,0,0,0,1
2200,11,2016,QP,0,29,8,17,0,0,0,0,0,0,0,0,1
2201,11,2016,QP,13,2,17,8,0,0,0,0,0,0,0,0,1
2203,11,2016,B5,0,5,0,0,0,0,0,0,0,0,0,0,1
2204,2,2016,B5,0,1,0,0,0,1,0,0,0,0,0,0,1
2205,2,2016,B5,0,5,0,0,0,1,0,0,0,0,0,0,1
2206,2,2016,QP,0,22,17,75,0,0,1,0,0,0,0,0,1
2207,11,2016,B5,15,1,0,0,0,0,0,0,0,0,0,0,1
2208,11,2016,QP,0,22,10,44,0,0,0,0,0,0,0,0,1
2210,2,2016,QP,0,16,40,43,0,0,0,0,0,0,0,0,1
2212,11,2016,QP,0,6,29,35,0,0,0,0,0,0,0,0,1
2213,11,2016,QP,0,25,3,60,0,0,0,0,0,0,0,0,1
2214,11,2016,QP,0,33,22,52,0,0,0,0,0,0,0,0,1
2216,11,2016,QP,0,23,10,53,0,0,0,0,0,0,0,0,1
2218,2,2016,QP,0,20,31,70,0,0,0,0,0,0,0,0,1
2219,11,2016,B5,0,4,0,1,0,0,1,0,0,0,0,0,1
2220,11,2016,B5,13,4,1,0,0,0,0,0,0,0,0,0,1
2226,2,2016,B5,0,6,0,0,0,1,0,0,0,0,0,0,1
2227,11,2016,QP,0,15,25,11,0,0,1,0,0,0,0,0,1
2229,11,2016,QP,13,1,24,6,0,0,0,0,0,0,0,0,1
2231,2,2016,B5,13,1,4,7,0,0,1,0,0,0,0,0,1
2235,11,2016,QP,0,5,14,31,0,0,0,0,0,0,0,0,1
2236,2,2016,B5,-9,1,0,1,0,0,3,0,0,0,0,0,1
2238,11,2016,QP,0,19,12,73,0,0,0,0,0,0,0,0,1
2239,11,2016,QP,-9,5,38,4,0,0,0,0,0,0,0,0,1
2240,11,2016,QP,8,3,31,54,0,0,0,0,0,0,0,0,1
2242,2,2016,B5,-6,2,0,1,0,0,2,0,0,0,0,0,1
2243,2,2016,B5,-6,3,0,3,0,1,2,0,0,0,0,0,1
2244,11,2016,QP,8,2,36,81,0,0,1,0,0,0,0,0,1
2246,11,2016,QP,0,1,100,12,0,0,0,0,0,0,0,0,1
2247,2,2016,QP,0,5,52,1,0,0,0,0,0,0,0,0,1
2248,11,2016,QP,0,16,17,8,0,0,0,0,0,0,0,0,1
2249,11,2016,QP,8,1,56,38,0,0,0,0,0,0,0,0,1
2252,11,2016,B5,13,3,0,0,0,0,0,0,0,0,0,0,1
2254,11,2016,B5,0,3,0,0,0,1,1,0,0,0,0,0,1
2255,11,2016,B5,15,2,0,0,0,0,0,0,0,0,0,0,1
2257,11,2016,QP,-9,1,8,2,0,0,1,0,0,0,0,0,1
2258,11,2016,QP,0,8,14,31,0,0,0,0,0,0,0,0,1
2259,11,2016,B5,-9,3,0,4,0,0,1,0,0,1,0,0,1
2262,11,2016,QP,0,14,38,26,0,0,0,0,0,0,0,0,1
2263,2,2016,QP,-9,5,7,18,0,0,2,0,0,0,0,0,1
2264,2,2016,B5,-6,1,0,0,0,0,5,0,0,0,0,0,1
2265,2,2016,B5,13,4,0,1,0,0,1,0,0,0,0,0,1
2266,2,2016,B5,15,4,1,0,0,0,0,0,0,0,0,0,1
2267,2,2016,QP,0,4,53,15,0,0,0,0,0,0,0,0,1
2268,11,2016,QP,-9,3,38,7,0,0,0,0,0,0,0,0,1
2270,11,2016,B5,8,1,0,2,0,2,0,0,0,0,0,0,1
2272,2,2016,B5,0,4,0,1,0,0,2,0,0,1,0,0,1
2275,2,2016,B5,0,2,0,1,0,0,1,0,0,0,0,0,1
2276,2,2016,B5,0,3,0,3,0,1,0,0,0,0,0,0,1
2279,2,2016,QP,-9,1,46,12,0,0,2,0,0,0,0,0,1
2281,11,2016,B5,0,1,0,0,0,0,0,0,0,0,0,0,1
2282,2,2016,B5,15,2,1,0,0,2,0,0,0,0,0,0,1
2283,11,2016,B5,13,5,1,0,0,0,1,0,0,0,0,0,1
2285,2,2016,QP,-9,3,19,11,0,0,1,NA,0,0,0,0,1
2286,11,2016,QP,0,10,38,15,0,0,0,0,0,0,0,0,1
2289,2,2016,B5,0,7,0,0,0,0,2,0,0,0,0,0,1
2290,2,2016,B5,13,5,10,0,0,0,1,0,0,0,0,0,1
2291,2,2016,QP,0,9,79,4,0,0,0,0,0,0,0,0,1
2292,11,2016,B5,-6,1,0,0,0,0,0,0,0,0,0,0,1
2293,11,2016,B5,13,2,0,0,0,0,0,0,0,0,0,0,1
2294,2,2016,QP,-9,4,31,22,0,0,2,0,0,0,0,0,1
2296,11,2016,B5,8,2,0,0,0,0,0,0,0,0,0,0,1
2297,11,2016,QP,0,20,21,32,0,0,0,0,0,0,0,0,1
2298,11,2016,B5,13,1,0,0,0,0,0,0,0,0,0,0,1
2299,11,2016,QP,0,34,10,9,0,0,0,0,0,0,0,0,1
2300,11,2016,B5,-6,3,0,1,0,0,4,0,0,0,0,0,1
2305,11,2016,B5,-6,2,0,0,0,0,0,0,0,0,0,0,1
2306,11,2016,QP,0,11,143,19,0,0,0,0,0,0,0,0,1
2308,11,2016,B5,0,8,0,2,0,0,1,0,0,1,0,0,1
2309,2,2016,B5,13,2,0,0,0,1,0,0,0,0,0,0,1
2310,11,2016,QP,-9,4,7,5,0,0,0,0,0,0,0,0,1
2312,2,2016,B5,-9,2,0,2,0,0,1,0,0,0,0,0,1
2313,11,2016,QP,-9,2,22,2,0,0,1,0,0,0,0,0,1
2315,11,2016,B5,15,3,1,0,0,1,0,0,0,0,0,0,1
2319,11,2016,B5,-9,1,0,0,0,0,1,0,0,0,0,0,1
2320,2,2016,QP,-9,2,24,32,0,0,0,0,0,0,0,0,1
2323,11,2016,B5,-9,2,0,0,0,0,1,0,0,0,0,0,1
2324,2,2016,B5,-9,3,0,1,0,0,1,0,0,0,0,0,1
2325,11,2016,B5,0,7,0,0,0,0,0,0,0,0,0,0,1
2326,11,2016,QP,-6,1,1,2,0,0,0,0,0,0,0,0,1
2327,11,2016,QP,-6,2,2,1,0,0,0,0,0,0,0,0,1
2328,11,2016,QP,-6,3,8,10,0,0,0,0,0,0,0,0,1
2329,3,2017,QP,0,32,8,56,0,0,0,0,0,0,0,0,1
2331,11,2017,QP,0,2,12,16,0,0,0,0,0,0,0,0,1
2333,11,2017,QP,0,24,12,16,0,0,2,0,0,0,0,0,1
2334,3,2017,QP,0,25,4,8,0,0,0,0,0,0,0,0,1
2335,3,2017,QP,0,26,15,36,0,0,0,0,0,0,0,0,1
2336,3,2017,QP,0,31,23,39,0,0,0,0,0,0,0,0,1
2340,2,2017,B5,15,1,0,0,0,0,1,0,0,1,0,0,1
2343,11,2017,QP,0,18,15,3,0,0,1,0,0,0,0,0,1
2344,11,2017,QP,15,2,26,32,0,0,0,0,0,0,0,0,1
2345,11,2017,QP,0,26,48,13,0,0,0,0,0,0,0,0,1
2346,11,2017,QP,0,28,16,9,0,0,0,0,0,0,0,0,1
2348,2,2017,B5,8,1,0,0,0,0,0,0,0,0,0,0,1
2349,3,2017,QP,0,10,9,4,0,0,0,0,0,0,0,0,1
2350,3,2017,QP,0,29,10,7,0,0,0,0,0,0,0,0,1
2351,3,2017,QP,15,1,36,22,0,0,0,0,0,0,0,0,1
2354,3,2017,QP,-6,3,12,17,0,0,0,0,0,0,0,0,1
2355,3,2017,QP,0,8,11,15,0,0,0,0,0,0,0,0,1
2356,3,2017,QP,0,27,5,21,0,0,0,0,0,0,0,0,1
2357,3,2017,QP,0,33,26,80,0,0,0,0,0,0,0,0,1
2360,11,2017,B5,0,6,0,0,0,0,0,0,0,0,0,0,1
2361,11,2017,B5,15,4,0,0,0,0,0,0,0,0,0,0,1
2368,3,2017,QP,0,1,1,35,0,0,0,0,0,0,0,0,1
2369,3,2017,QP,0,14,14,14,0,0,0,0,0,0,0,0,1
2370,3,2017,QP,0,21,3,85,0,0,0,0,0,0,0,0,1
2371,3,2017,QP,0,28,20,27,0,0,0,0,0,0,0,0,1
2372,11,2017,QP,0,9,29,7,0,0,0,0,0,0,0,0,1
2373,11,2017,QP,0,12,27,5,0,0,0,0,0,0,0,0,1
2374,11,2017,QP,0,30,69,10,0,0,0,0,0,0,0,0,1
2375,11,2017,B5,0,2,0,0,0,2,0,0,0,0,0,0,1
2377,3,2017,QP,0,7,19,5,0,0,0,0,0,0,0,0,1
2378,3,2017,QP,0,13,6,12,0,0,0,0,0,0,0,0,1
2379,3,2017,QP,0,30,10,34,0,0,0,0,0,0,1,0,1
2380,3,2017,QP,13,1,22,10,0,0,0,0,0,0,0,0,1
2381,3,2017,QP,15,3,79,84,0,0,0,0,0,0,0,0,1
2383,11,2017,QP,0,3,23,7,0,0,0,0,0,0,0,0,1
2386,2,2017,B5,8,2,0,0,0,0,0,0,0,0,0,0,1
2387,3,2017,QP,0,15,14,21,0,0,0,0,0,0,0,0,1
2388,3,2017,QP,13,2,27,18,0,0,0,0,0,0,0,0,1
2389,3,2017,QP,15,2,33,53,0,0,0,0,0,0,0,0,1
2391,11,2017,QP,0,7,11,17,0,0,0,0,0,0,0,0,1
2392,11,2017,QP,0,31,53,8,0,0,2,0,0,0,0,0,1
2393,11,2017,QP,0,32,44,8,0,0,0,0,0,0,0,0,1
2394,11,2017,QP,0,33,32,18,0,0,0,0,0,0,0,0,1
2397,2,2017,B5,13,3,0,0,0,0,0,0,0,0,0,0,1
2399,3,2017,QP,-9,6,8,0,0,0,0,0,0,0,0,0,1
2400,3,2017,QP,-6,1,5,13,0,0,0,0,0,0,0,0,1
2401,11,2017,QP,0,21,44,9,0,0,2,0,0,0,0,0,1
2403,11,2017,QP,0,4,6,14,0,1,0,0,0,0,0,0,1
2404,11,2017,QP,0,27,13,14,0,0,0,0,0,0,0,0,1
2409,2,2017,B5,0,8,0,0,0,0,0,0,0,0,0,0,1
2410,2,2017,B5,15,3,0,0,0,1,0,0,0,0,0,0,1
2411,3,2017,QP,0,3,9,45,0,0,0,0,0,0,0,0,1
2412,11,2017,QP,0,13,7,8,0,0,1,0,0,0,0,0,1
2413,11,2017,QP,0,17,19,10,0,0,0,0,0,0,0,0,1
2414,11,2017,QP,15,1,17,27,0,0,0,0,0,0,0,0,1
2417,3,2017,QP,0,12,28,62,0,0,0,0,0,0,0,0,1
2418,3,2017,QP,0,24,7,11,0,0,0,0,0,0,0,0,1
2419,3,2017,QP,8,3,48,40,0,0,0,0,0,0,0,0,1
2422,11,2017,QP,0,29,24,12,0,0,1,0,0,0,0,0,1
2423,11,2017,QP,13,2,16,8,0,0,0,0,0,0,0,0,1
2424,2,2017,B5,0,1,0,6,0,1,0,0,0,0,0,0,1
2425,2,2017,B5,0,5,0,2,0,1,0,0,0,0,0,0,1
2426,3,2017,QP,0,2,9,145,0,0,0,0,0,0,0,0,1
2427,3,2017,QP,0,17,2,11,0,0,0,0,0,0,0,0,1
2428,3,2017,QP,0,18,3,68,0,0,0,0,0,0,0,0,1
2429,11,2017,B5,15,1,0,0,0,0,0,0,0,0,0,0,1
2432,3,2017,QP,0,34,20,41,0,0,0,0,0,0,0,0,1
2434,11,2017,QP,0,22,60,13,0,0,0,0,0,0,0,0,1
2436,3,2017,QP,-6,2,23,17,0,0,0,0,0,0,0,0,1
2437,3,2017,QP,0,23,16,29,0,0,0,0,0,0,0,0,1
2438,3,2017,QP,8,2,29,86,0,0,0,0,0,0,0,0,1
2439,11,2017,QP,-6,3,10,3,0,0,0,0,0,0,0,0,1
2440,11,2017,QP,0,6,34,2,0,0,0,0,0,0,0,0,1
2441,11,2017,QP,0,25,11,22,0,0,0,0,0,0,0,0,1
2447,2,2017,B5,0,6,0,1,0,1,0,0,0,0,0,0,1
2449,2,2017,B5,13,1,4,1,0,0,1,0,0,1,0,0,1
2450,3,2017,QP,0,6,4,13,0,0,0,0,0,0,0,0,1
2451,11,2017,QP,0,15,8,3,0,0,1,0,0,0,0,0,1
2452,11,2017,QP,0,23,23,13,0,0,0,0,0,0,0,0,1
2455,11,2017,B5,0,4,0,1,0,0,1,0,0,0,0,0,1
2456,11,2017,B5,13,4,0,0,0,2,0,0,0,0,0,0,1
2457,2,2017,B5,-9,1,0,0,0,0,3,0,0,1,0,0,1
2458,3,2017,QP,0,11,8,17,0,0,0,0,0,0,0,0,1
2459,3,2017,QP,0,19,8,19,0,0,0,0,0,0,0,0,1
2462,2,2017,B5,-6,2,0,3,0,0,1,0,0,0,0,0,1
2463,2,2017,B5,-6,3,0,0,0,1,1,0,0,0,0,0,1
2464,3,2017,QP,0,22,6,75,0,0,0,0,0,0,0,0,1
2466,11,2017,QP,-6,2,13,7,0,0,0,0,0,0,0,0,1
2469,11,2017,QP,-6,1,11,6,0,0,0,0,0,0,0,0,1
2470,11,2017,QP,13,1,18,6,0,0,0,0,0,0,0,0,1
2471,11,2017,B5,0,5,0,0,0,0,0,0,0,0,0,0,1
2472,2,2017,B5,-6,1,0,0,0,0,3,0,0,0,0,0,1
2473,2,2017,B5,13,4,0,0,0,0,1,0,0,0,0,0,1
2474,2,2017,B5,15,4,1,1,0,0,0,0,0,0,0,0,1
2475,3,2017,QP,0,16,3,39,0,0,0,0,0,0,0,0,1
2476,3,2017,QP,8,1,42,54,0,0,0,0,0,0,0,0,1
2478,11,2017,QP,0,5,42,9,0,0,0,0,0,0,0,0,1
2481,2,2017,B5,0,2,3,1,0,0,1,0,0,0,0,0,1
2482,2,2017,B5,0,3,0,4,0,1,0,0,0,0,0,0,1
2484,2,2017,B5,0,4,0,4,0,0,2,0,0,1,0,0,1
2485,2,2017,B5,15,2,1,0,0,2,0,0,0,0,0,0,1
2486,11,2017,QP,0,19,19,15,0,0,2,0,0,0,0,0,1
2488,2,2017,B5,0,7,3,3,0,0,2,0,0,0,0,0,1
2489,2,2017,B5,13,5,10,0,0,0,1,0,0,0,0,0,1
2490,3,2017,QP,0,20,27,70,0,0,0,0,0,0,0,0,1
2492,11,2017,QP,8,2,20,31,0,0,1,0,0,0,0,0,1
2494,11,2017,QP,0,1,8,10,0,0,0,0,0,0,0,0,1
2495,11,2017,QP,0,8,26,11,0,0,0,0,0,0,0,0,1
2496,11,2017,QP,0,14,48,8,0,2,0,0,0,0,0,0,1
2497,11,2017,QP,0,16,44,2,0,0,0,0,0,0,0,0,1
2498,11,2017,QP,0,20,27,7,0,0,0,0,0,0,0,0,1
2499,11,2017,QP,8,1,32,24,0,0,0,0,0,0,0,0,1
2503,11,2017,B5,-6,1,0,0,0,0,0,0,0,0,0,0,1
2504,11,2017,B5,13,1,0,0,0,0,0,0,0,0,0,0,1
2505,11,2017,B5,15,2,1,1,0,0,0,0,0,0,0,0,1
2507,11,2017,QP,8,3,20,22,0,0,0,0,0,0,0,0,1
2509,11,2017,B5,13,3,0,0,0,0,0,0,0,0,0,0,1
2513,11,2017,B5,-9,3,0,2,0,0,0,0,0,0,0,0,1
2514,11,2017,B5,0,3,0,1,0,1,1,0,0,0,0,0,1
2515,2,2017,B5,13,2,2,0,0,1,0,0,0,0,0,0,1
2517,11,2017,B5,0,1,0,0,0,0,0,0,0,0,0,0,1
2518,11,2017,B5,8,1,0,1,0,1,0,0,0,0,0,0,1
2520,2,2017,B5,-9,2,0,0,0,0,1,0,0,0,0,0,1
2521,11,2017,QP,0,10,46,6,0,1,0,0,0,0,0,0,1
2524,11,2017,B5,13,5,1,0,0,0,1,0,0,0,0,0,1
2526,3,2017,QP,0,5,22,2,0,0,1,0,0,0,0,0,1
2527,11,2017,QP,0,34,33,15,0,0,0,0,0,0,0,0,1
2528,11,2017,B5,-6,3,0,1,0,0,1,0,0,0,0,0,1
2529,3,2017,QP,-9,5,21,19,0,0,0,0,0,0,0,0,1
2530,3,2017,QP,0,4,31,15,0,0,0,0,0,0,0,0,1
2532,11,2017,B5,0,8,0,0,0,0,1,0,0,1,0,0,1
2533,2,2017,B5,-9,3,2,0,0,0,1,0,0,0,0,0,1
2534,11,2017,B5,-6,2,0,0,0,0,0,0,0,0,0,0,1
2535,11,2017,B5,13,2,0,0,0,0,2,0,0,0,0,0,1
2536,3,2017,QP,-9,1,23,10,0,0,0,0,0,0,0,0,1
2537,11,2017,QP,0,11,71,10,0,0,0,0,0,0,0,0,1
2538,11,2017,B5,8,2,0,0,0,0,0,0,0,0,0,0,1
2539,3,2017,QP,-9,3,17,10,0,0,0,0,0,0,0,0,1
2540,3,2017,QP,0,9,16,4,0,0,0,0,0,0,0,0,1
2541,3,2017,QP,-9,4,19,22,0,0,0,0,0,0,0,0,1
2544,11,2017,B5,-9,1,0,1,0,0,1,0,0,0,0,0,1
2545,11,2017,B5,15,3,2,2,0,1,0,0,0,0,0,0,1
2549,11,2017,B5,-9,2,0,0,0,0,1,0,0,0,0,0,1
2551,3,2017,QP,-9,2,19,30,0,0,0,0,0,0,0,0,1
2552,11,2017,B5,0,7,0,0,0,0,0,0,0,0,0,0,1
2567,2,2018,QP,0,5,8,8,0,0,0,0,0,0,0,0,1
2569,2,2018,B5,8,2,0,0,0,1,0,0,0,0,0,0,1
2571,11,2018,B5,8,2,0,4,0,0,0,0,0,0,0,0,1
2574,11,2018,QP,13,1,12,12,0,0,0,0,0,0,0,0,1
2575,2,2018,QP,0,6,4,13,0,0,0,0,0,0,0,0,1
2577,2,2018,B5,8,1,2,1,0,0,0,0,0,0,0,0,1
2578,11,2018,QP,0,14,13,32,0,0,0,0,0,0,0,0,1
2579,11,2018,QP,0,27,23,23,0,0,0,0,0,0,0,0,1
2580,11,2018,QP,13,2,4,9,0,0,0,0,0,0,0,0,1
2582,11,2018,QP,15,2,22,31,0,0,0,0,0,0,0,0,1
2583,2,2018,QP,13,1,10,21,0,0,0,0,0,0,0,0,1
2585,2,2018,QP,15,1,12,4,0,0,0,0,0,0,0,0,1
2587,2,2018,QP,15,3,7,8,0,0,0,0,0,0,0,0,1
2589,11,2018,QP,15,1,62,39,0,0,0,0,0,0,0,0,1
2590,2,2018,QP,13,2,8,20,0,0,1,0,0,0,0,0,1
2591,2,2018,QP,15,2,16,1,0,0,0,0,0,0,0,0,1
2594,11,2018,B5,8,1,0,0,0,0,1,0,0,0,0,0,1
2595,2,2018,QP,0,25,18,2,0,0,0,0,0,0,0,0,1
2597,11,2018,QP,0,1,41,29,0,0,0,0,0,0,0,0,1
2598,11,2018,QP,0,32,109,54,0,0,0,0,0,0,0,0,1
2599,2,2018,QP,0,7,13,12,0,0,0,0,0,0,0,0,1
2602,2,2018,B5,15,4,0,2,0,0,0,0,0,0,0,0,1
2604,2,2018,B5,15,1,1,0,0,0,0,0,0,0,0,0,1
2605,2,2018,B5,15,2,1,3,0,0,2,0,0,0,0,0,1
2607,2,2018,QP,0,1,2,4,0,0,0,0,0,0,0,0,1
2608,2,2018,QP,0,9,10,0,0,0,1,0,0,2,0,0,1
2609,2,2018,QP,0,32,3,17,0,0,0,0,0,0,0,0,1
2611,2,2018,QP,0,29,10,52,0,0,0,0,0,0,0,0,1
2615,11,2018,QP,0,22,56,33,0,0,0,0,0,0,0,0,1
2616,2,2018,QP,-9,2,17,30,0,0,0,0,0,0,0,0,1
2617,2,2018,QP,0,4,2,4,0,0,0,0,0,0,0,0,1
2618,2,2018,QP,0,15,3,14,0,0,1,0,0,0,0,0,1
2621,11,2018,QP,0,2,29,13,0,0,0,0,0,0,0,0,1
2625,11,2018,QP,0,20,22,15,0,0,0,0,0,0,0,0,1
2626,11,2018,QP,0,31,40,52,0,0,0,0,0,0,0,0,1
2629,11,2018,B5,13,2,4,1,0,0,0,0,0,0,0,0,1
2630,11,2018,QP,0,3,55,14,0,0,0,0,0,0,0,0,1
2631,2,2018,QP,-6,2,14,7,0,0,0,0,0,0,0,0,1
2632,2,2018,QP,0,8,30,21,0,0,0,0,0,0,0,0,1
2634,11,2018,QP,0,29,64,36,0,0,0,0,0,0,0,0,1
2635,2,2018,QP,0,14,2,6,0,0,0,0,0,0,0,0,1
2636,2,2018,QP,0,26,9,0,0,1,0,0,0,0,0,0,1
2637,2,2018,QP,0,30,8,38,0,0,1,0,0,0,0,0,1
2638,2,2018,QP,8,3,19,3,0,0,0,0,0,1,0,0,1
2641,11,2018,B5,13,3,2,0,0,0,2,0,0,0,0,0,1
2642,11,2018,QP,0,5,40,22,0,0,0,0,0,0,0,0,1
2643,11,2018,QP,0,13,23,17,0,0,0,0,0,0,0,0,1
2644,2,2018,QP,-6,1,11,13,0,0,0,0,0,0,0,0,1
2645,2,2018,QP,0,2,7,2,0,0,0,0,0,0,0,0,1
2646,2,2018,QP,0,34,13,9,0,0,1,0,0,0,0,0,1
2648,11,2018,B5,0,1,0,0,0,0,0,0,0,0,0,0,1
2650,2,2018,QP,8,2,34,6,0,0,0,0,0,0,0,0,1
2653,11,2018,QP,8,1,0,10,0,0,0,0,0,0,0,0,1
2654,2,2018,QP,-6,3,33,3,0,0,1,0,0,0,0,0,1
2655,2,2018,QP,8,1,24,8,0,0,0,0,0,0,0,0,1
2656,11,2018,QP,8,3,3,39,0,0,0,0,0,0,0,0,1
2658,11,2018,QP,-9,3,20,8,0,0,0,0,0,0,0,0,1
2660,11,2018,QP,0,25,13,28,0,1,0,0,0,0,0,0,1
2661,11,2018,QP,0,28,28,31,0,0,0,0,0,0,0,0,1
2662,2,2018,QP,-9,1,14,13,0,0,1,0,0,0,0,0,1
2663,2,2018,B5,15,3,2,1,0,0,1,0,0,0,0,0,1
2664,11,2018,B5,0,3,0,0,0,0,0,0,0,0,0,0,1
2666,11,2018,B5,13,4,0,1,0,0,2,0,0,0,0,0,1
2667,11,2018,B5,15,4,0,0,0,0,0,0,0,0,0,0,1
2668,11,2018,QP,0,15,23,24,0,0,0,0,0,0,0,0,1
2669,11,2018,QP,0,23,77,38,0,0,0,0,0,0,0,0,1
2670,2,2018,QP,0,31,36,30,0,0,0,0,0,0,0,0,1
2672,11,2018,B5,15,1,2,2,0,0,1,0,0,0,0,0,1
2673,2,2018,QP,0,13,4,1,0,0,0,0,0,0,0,0,1
2674,2,2018,QP,0,24,3,2,0,0,0,0,0,0,0,0,1
2675,2,2018,QP,0,11,21,6,0,1,0,0,0,0,0,0,1
2678,11,2018,QP,0,26,4,45,0,0,0,0,0,0,0,0,1
2679,11,2018,QP,8,2,2,7,0,0,0,0,0,0,0,0,1
2680,2,2018,QP,0,23,5,3,0,0,1,0,0,0,0,0,1
2683,11,2018,QP,0,9,25,21,0,0,0,0,0,0,0,0,1
2684,2,2018,QP,-9,6,26,18,0,0,2,0,0,0,0,0,1
2685,11,2018,QP,0,10,25,10,0,0,0,0,0,0,0,0,1
2686,11,2018,QP,0,12,34,33,0,0,0,0,0,0,0,0,1
2687,11,2018,QP,0,18,36,15,0,0,0,0,0,0,0,0,1
2688,11,2018,QP,0,34,35,100,0,0,0,0,0,0,0,0,1
2689,2,2018,QP,0,3,2,3,0,0,2,0,0,0,0,0,1
2690,2,2018,QP,0,10,32,1,0,0,0,0,0,0,0,0,1
2691,2,2018,QP,0,17,9,6,0,0,0,0,0,0,0,0,1
2692,2,2018,QP,0,27,34,0,0,0,2,0,0,0,0,0,1
2694,2,2018,B5,13,3,1,3,0,0,1,0,0,0,0,0,1
2695,11,2018,QP,0,33,9,24,0,0,0,0,0,0,0,0,1
2696,2,2018,QP,0,28,4,14,0,0,0,0,0,0,0,0,1
2699,11,2018,QP,-6,1,23,22,0,0,0,0,0,0,0,0,1
2701,2,2018,B5,0,2,0,1,0,0,1,0,0,0,0,0,1
2703,2,2018,B5,13,1,1,2,0,0,1,0,0,1,0,0,1
2704,11,2018,B5,15,3,2,0,0,0,1,0,0,0,0,0,1
2705,11,2018,QP,0,30,23,33,0,0,0,0,0,0,0,0,1
2706,2,2018,B5,13,5,3,2,0,0,1,0,0,0,0,0,1
2709,11,2018,QP,0,4,9,19,0,0,0,0,0,0,0,0,1
2711,11,2018,B5,0,2,0,3,0,0,1,0,0,0,0,0,1
2712,2,2018,QP,0,12,24,7,0,0,0,0,0,0,0,0,1
2713,2,2018,B5,13,2,0,0,0,0,1,0,0,0,0,0,1
2715,11,2018,QP,-9,1,16,6,0,0,1,0,0,0,0,0,1
2716,2,2018,QP,0,16,6,5,0,0,0,0,0,0,0,0,1
2717,11,2018,QP,0,6,22,23,0,0,0,0,0,0,0,0,1
2718,2,2018,QP,-9,5,43,9,0,0,3,0,0,0,0,0,1
2721,2,2018,QP,0,18,45,12,0,0,1,0,0,0,0,0,1
2722,2,2018,QP,0,22,5,3,0,0,0,0,0,0,0,0,1
2723,2,2018,QP,0,33,21,33,0,0,0,0,0,0,0,0,1
2727,2,2018,B5,13,4,0,2,0,0,0,0,0,1,0,0,1
2728,2,2018,QP,-9,4,38,10,0,0,1,0,0,1,0,0,1
2729,11,2018,QP,0,8,56,18,0,0,0,0,0,0,0,0,1
2730,2,2018,B5,0,1,0,3,0,1,7,0,0,0,0,0,1
2731,11,2018,QP,0,7,21,10,0,0,0,0,0,0,0,0,1
2732,11,2018,QP,0,17,18,38,0,0,0,0,0,0,0,0,1
2734,11,2018,B5,13,5,4,0,0,0,0,0,0,0,0,0,1
2736,11,2018,B5,13,1,1,0,0,1,0,0,0,0,0,0,1
2737,11,2018,B5,15,2,0,3,0,0,0,0,0,0,0,0,1
2739,2,2018,B5,0,4,0,2,0,0,4,0,0,0,0,0,1
2742,11,2018,QP,-6,2,20,7,0,0,0,0,0,0,0,0,1
2743,11,2018,QP,0,11,19,18,0,0,0,0,0,0,0,0,1
2744,11,2018,QP,0,16,14,13,0,0,0,0,0,0,0,0,1
2745,11,2018,QP,0,19,30,20,0,0,0,0,0,0,0,0,1
2746,2,2018,QP,0,21,37,16,0,0,0,0,0,0,0,0,1
2747,2,2018,B5,0,5,0,1,0,0,1,0,0,0,0,0,1
2749,11,2018,QP,-9,4,29,7,0,0,0,0,0,0,0,0,1
2750,11,2018,QP,0,21,15,12,0,0,0,0,0,0,0,0,1
2752,11,2018,B5,0,8,0,2,0,0,2,0,0,0,0,0,1
2753,2,2018,QP,-9,3,21,39,0,0,3,0,0,0,0,0,1
2755,11,2018,B5,0,4,0,2,0,0,2,0,0,0,0,0,1
2757,11,2018,QP,-6,3,26,14,0,0,0,0,0,0,0,0,1
2758,11,2018,QP,0,24,36,21,0,0,0,0,0,0,0,0,1
2759,11,2018,QP,-9,6,7,12,0,0,0,0,0,0,0,0,1
2760,2,2018,QP,0,20,3,2,0,0,0,0,0,0,0,0,1
2761,11,2018,B5,0,7,0,0,0,0,0,0,0,0,0,0,1
2762,2,2018,QP,0,19,8,3,0,0,0,0,0,0,0,0,1
2763,11,2018,B5,0,6,0,0,0,0,3,0,0,0,0,0,1
2764,2,2018,B5,0,8,0,2,0,1,1,0,0,0,0,0,1
2766,2,2018,B5,0,7,0,2,0,0,0,0,0,0,0,0,1
2767,11,2018,B5,0,5,0,3,0,0,0,0,0,0,0,0,1
2769,11,2018,QP,-9,2,8,15,0,0,2,0,0,1,0,0,1
2770,11,2018,QP,-9,5,6,6,0,0,1,0,0,0,0,0,1
2771,2,2018,B5,0,6,0,2,0,0,2,0,0,0,0,0,1
2772,2,2018,B5,0,3,2,0,0,0,0,0,0,1,0,0,1
2795,2,2019,B5,8,2,0,0,0,0,1,0,0,0,0,0,1
2796,11,2019,QP,15,2,1,0,0,0,0,0,0,0,0,0,1
2797,11,2019,QP,13,1,7,4,0,0,0,0,0,0,0,0,1
2798,2,2019,B5,13,1,3,2,0,0,1,0,0,0,0,0,1
2800,3,2019,QP,15,3,2,6,0,0,0,0,0,0,0,0,1
2801,11,2019,QP,15,1,1,0,0,0,0,0,0,0,0,0,1
2802,2,2019,B5,8,1,0,1,0,0,1,0,0,0,0,0,1
2805,3,2019,QP,13,1,0,8,0,0,0,0,0,0,0,0,1
2806,3,2019,QP,15,1,16,14,0,0,0,0,0,0,0,0,1
2808,3,2019,QP,13,2,1,6,0,0,0,0,0,0,0,0,1
2812,3,2019,QP,15,2,6,13,0,0,0,0,0,0,0,0,1
2813,3,2019,QP,0,31,2,17,0,0,0,0,0,0,0,0,1
2815,2,2019,B5,0,8,1,0,0,0,0,0,0,0,0,0,1
2818,3,2019,QP,0,27,15,10,0,1,0,0,0,0,0,0,1
2819,11,2019,QP,13,2,11,7,0,0,0,0,0,0,0,0,1
2822,11,2019,B5,8,2,0,0,0,0,2,0,0,0,0,0,1
2824,11,2019,QP,0,6,9,16,0,1,0,0,0,0,0,0,1
2825,11,2019,QP,0,7,14,29,0,0,0,0,0,0,0,0,1
2828,3,2019,QP,0,29,10,9,0,0,0,0,0,0,0,0,1
2829,3,2019,QP,0,30,14,23,0,0,0,0,0,0,0,0,1
2830,11,2019,B5,8,1,0,0,0,0,1,0,0,0,0,0,1
2831,11,2019,QP,-6,1,21,10,0,0,0,0,0,0,0,0,1
2832,11,2019,QP,0,8,3,13,0,1,0,0,0,0,0,0,1
2833,11,2019,QP,0,14,1,13,0,1,0,0,0,0,0,0,1
2834,11,2019,QP,0,15,1,59,0,0,0,0,0,0,0,0,1
2835,11,2019,QP,0,18,32,3,0,0,0,0,0,0,0,0,1
2836,3,2019,QP,0,28,13,12,0,1,1,0,0,0,0,0,1
2841,11,2019,QP,15,3,15,52,0,0,0,0,0,0,0,0,1
2843,2,2019,B5,15,1,1,0,0,0,1,0,0,0,0,0,1
2844,11,2019,B5,15,4,2,0,0,0,0,0,1,0,0,0,1
2845,11,2019,QP,0,1,18,13,0,0,0,0,0,0,1,0,1
2847,11,2019,QP,0,32,3,20,0,0,0,0,0,0,0,0,1
2852,11,2019,QP,0,2,21,6,0,0,0,0,0,0,0,0,1
2861,3,2019,QP,0,8,13,5,0,0,1,0,0,0,0,0,1
2862,3,2019,QP,0,9,4,5,0,1,1,0,0,0,0,0,1
2863,3,2019,QP,0,25,19,10,0,0,0,0,0,0,0,0,1
2864,3,2019,QP,0,34,9,30,0,0,1,0,0,0,0,0,1
2866,11,2019,QP,0,4,21,4,0,0,0,0,0,0,0,0,1
2867,3,2019,QP,0,4,4,5,0,0,0,0,0,0,0,0,1
2869,2,2019,B5,0,7,1,2,0,0,0,0,0,0,0,0,1
2870,3,2019,QP,0,12,17,9,0,0,0,0,0,0,0,0,1
2873,11,2019,B5,0,6,0,0,0,1,0,0,0,0,0,0,1
2874,11,2019,QP,0,31,23,6,0,0,0,0,0,0,0,0,1
2875,11,2019,B5,0,5,0,0,0,0,1,0,0,0,0,0,1
2877,2,2019,B5,13,2,3,2,0,0,0,0,0,0,0,0,1
2879,3,2019,QP,0,11,20,5,0,0,2,0,0,0,0,0,1
2880,3,2019,QP,0,26,24,8,0,0,1,0,0,0,0,0,1
2881,11,2019,QP,0,26,11,16,0,0,0,0,0,0,0,0,1
2882,11,2019,QP,8,1,87,39,0,0,0,0,0,0,0,0,1
2883,3,2019,QP,0,3,21,8,0,0,0,0,0,0,0,0,1
2884,3,2019,QP,8,3,41,31,0,0,0,0,0,0,0,0,1
2885,3,2019,QP,-6,1,16,34,0,0,1,0,0,0,0,0,1
2886,11,2019,QP,0,3,2,6,0,0,0,0,0,0,0,0,1
2887,11,2019,QP,0,25,0,7,0,0,0,0,0,0,0,0,1
2888,3,2019,QP,8,1,53,30,0,0,0,0,0,0,0,0,1
2891,3,2019,QP,0,2,7,4,0,1,0,1,0,0,0,0,1
2892,3,2019,QP,0,6,1,2,0,0,1,0,0,0,0,0,1
2893,3,2019,QP,0,7,3,4,0,1,0,0,0,0,0,0,1
2894,3,2019,QP,0,24,42,11,0,0,0,0,0,0,0,0,1
2895,3,2019,QP,0,32,15,19,0,0,0,0,0,0,0,0,1
2896,11,2019,B5,15,3,4,0,0,1,2,0,0,0,0,0,1
2897,3,2019,QP,8,2,8,53,0,0,0,0,0,0,0,0,1
2900,2,2019,B5,13,3,3,3,0,0,2,0,0,0,0,0,1
2901,2,2019,B5,15,3,7,1,0,0,0,0,0,0,0,0,1
2902,3,2019,QP,0,1,0,4,0,0,0,0,0,0,0,0,1
2903,3,2019,QP,0,10,27,4,0,0,0,0,0,0,0,0,1
2904,11,2019,B5,0,8,0,0,0,1,0,0,0,0,0,0,1
2905,11,2019,QP,0,16,14,33,0,0,0,0,0,0,0,0,1
2906,11,2019,QP,0,27,4,3,0,0,0,0,0,0,0,0,1
2907,11,2019,QP,8,2,9,30,0,0,0,0,0,0,0,0,1
2908,11,2019,B5,15,1,0,0,0,0,0,0,1,0,0,0,1
2909,11,2019,QP,-9,2,1,0,0,0,0,0,0,0,0,0,1
2910,11,2019,QP,0,33,19,19,0,2,0,0,0,0,0,0,1
2911,2,2019,B5,13,4,8,3,0,0,2,0,0,0,0,0,1
2912,3,2019,QP,0,20,31,10,0,0,0,0,0,0,0,0,1
2913,2,2019,B5,15,2,8,1,0,0,1,0,0,0,0,0,1
2915,3,2019,QP,-6,2,17,17,0,0,2,0,0,0,0,0,1
2916,3,2019,QP,-6,3,1,4,0,0,3,0,0,0,0,0,1
2917,3,2019,QP,0,13,31,5,0,0,0,0,0,0,0,0,1
2918,11,2019,QP,-6,3,6,8,0,0,0,0,0,0,0,0,1
2919,11,2019,QP,0,9,18,21,0,0,0,0,0,0,0,0,1
2921,3,2019,QP,0,5,9,9,0,0,1,0,0,0,0,0,1
2923,3,2019,QP,0,18,10,4,0,0,1,0,0,0,0,0,1
2924,3,2019,QP,0,33,11,21,0,0,1,0,0,0,0,0,1
2926,11,2019,B5,13,4,3,1,0,0,0,0,4,0,0,0,1
2927,11,2019,QP,0,10,3,5,0,1,0,0,0,0,0,0,1
2928,11,2019,QP,0,13,2,6,0,1,0,0,0,0,0,0,1
2929,11,2019,QP,0,24,9,3,0,0,0,0,0,0,0,0,1
2930,11,2019,B5,15,2,7,0,0,0,2,0,0,0,0,0,1
2933,3,2019,QP,0,17,12,2,0,0,1,0,0,1,0,0,1
2934,3,2019,QP,0,23,26,19,0,0,1,0,0,0,0,0,1
2936,11,2019,B5,13,3,4,1,0,0,0,0,0,0,0,0,1
2937,11,2019,QP,-6,2,11,7,0,0,0,0,0,0,0,0,1
2938,11,2019,QP,0,11,7,45,0,1,0,0,0,0,0,0,1
2939,11,2019,QP,0,12,10,13,0,0,0,0,0,0,0,0,1
2940,11,2019,QP,0,34,55,24,0,0,0,0,0,0,0,0,1
2943,3,2019,QP,0,19,9,4,0,0,1,0,0,0,0,0,1
2945,3,2019,QP,-9,3,9,4,0,0,0,0,0,0,0,0,1
2946,3,2019,QP,0,22,12,4,0,0,0,0,0,0,0,0,1
2948,3,2019,QP,0,21,27,21,0,0,1,0,0,0,0,0,1
2949,11,2019,QP,-9,4,10,10,0,1,2,0,0,0,0,0,1
2950,11,2019,QP,0,17,3,0,0,1,0,0,0,0,0,0,1
2952,3,2019,QP,-9,5,11,7,0,0,0,0,0,0,0,0,1
2954,11,2019,QP,0,19,13,11,0,0,0,0,0,0,0,0,1
2958,3,2019,QP,0,14,23,2,0,0,1,0,0,0,0,0,1
2959,11,2019,QP,8,3,35,52,0,0,0,0,0,0,0,0,1
2961,11,2019,QP,0,5,5,1,0,1,1,0,0,0,0,0,1
2962,11,2019,QP,0,22,13,2,0,0,0,0,0,0,0,0,1
2963,2,2019,B5,15,4,1,0,0,0,1,0,0,0,0,0,1
2964,3,2019,QP,0,16,7,3,0,0,1,0,0,0,0,0,1
2965,11,2019,QP,0,28,22,7,0,0,0,0,0,0,0,0,1
2967,3,2019,QP,0,15,16,3,0,1,1,0,0,0,0,0,1
2968,11,2019,QP,0,21,5,11,0,1,1,0,0,0,0,0,1
2970,2,2019,B5,0,5,1,1,0,1,0,0,0,0,0,0,1
2972,11,2019,QP,0,20,34,8,0,0,0,0,0,0,0,0,1
2973,11,2019,QP,0,30,15,18,0,1,0,0,0,0,0,0,1
2974,11,2019,B5,0,7,0,0,0,0,1,0,0,0,0,0,1
2975,11,2019,B5,0,4,0,0,0,0,0,0,0,0,0,0,1
2976,2,2019,B5,13,5,4,1,0,1,0,0,0,0,0,0,1
2978,11,2019,B5,13,5,7,0,0,0,1,0,0,0,0,0,1
2979,11,2019,QP,0,29,11,0,0,2,0,0,0,0,0,0,1
2983,2,2019,B5,0,4,2,2,0,0,1,0,0,0,0,0,1
2984,3,2019,QP,-9,2,7,3,0,0,3,0,0,0,0,0,1
2988,11,2019,QP,-9,1,18,17,0,0,0,0,0,0,0,0,1
2989,11,2019,QP,0,23,10,6,0,0,0,0,0,0,0,0,1
2991,2,2019,B5,0,1,0,1,0,0,0,0,0,0,0,0,1
2993,11,2019,B5,13,2,2,0,0,1,1,0,0,0,0,0,1
2994,11,2019,B5,0,1,0,0,0,1,0,0,0,0,0,0,1
2995,3,2019,QP,-9,6,3,3,0,0,0,0,0,0,0,0,1
2997,3,2019,QP,-9,1,6,7,0,0,1,0,0,0,0,0,1
2998,2,2019,B5,0,2,3,2,0,1,1,0,0,0,0,0,1
3000,3,2019,QP,-9,4,13,13,0,1,1,0,0,0,0,0,1
3001,11,2019,QP,-9,5,9,1,0,0,2,0,0,0,0,0,1
3002,11,2019,QP,-9,3,16,20,0,0,2,0,0,0,0,0,1
3003,2,2019,B5,0,3,0,1,0,0,1,0,0,0,0,0,1
3004,2,2019,B5,0,6,0,2,0,0,2,0,0,0,0,0,1
3005,11,2019,B5,0,3,0,0,0,0,0,0,0,0,0,0,1
3006,11,2019,B5,13,1,8,3,0,0,0,0,0,0,0,0,1
3007,11,2019,B5,0,2,0,0,0,0,2,0,0,0,0,0,1
3036,11,2020,QP,15,1,0,0,0,0,0,0,0,0,0,0,1
3037,2,2020,QP,13,2,1,6,0,0,1,0,0,0,0,0,1
3042,11,2020,QP,15,3,9,18,0,0,0,0,0,0,0,0,1
3043,3,2020,B5,8,2,0,0,0,0,0,0,0,1,0,0,1
3044,2,2020,QP,13,1,0,9,0,1,0,0,0,0,0,0,1
3045,2,2020,QP,15,1,10,14,0,0,0,0,0,0,0,0,1
3046,2,2020,QP,15,2,3,20,0,0,0,0,0,0,0,0,1
3047,11,2020,B5,8,1,0,0,0,0,1,0,0,0,0,0,1
3048,11,2020,QP,15,2,9,10,0,0,0,0,0,0,0,0,1
3049,3,2020,B5,8,1,0,0,0,0,0,0,0,1,0,0,1
3050,11,2020,QP,0,8,9,18,0,1,0,1,0,0,0,0,1
3054,2,2020,QP,0,31,3,16,0,0,0,0,0,0,0,0,1
3061,2,2020,QP,0,30,9,36,0,0,0,0,0,0,0,0,1
3062,2,2020,QP,15,3,1,9,0,0,0,0,0,0,0,0,1
3064,2,2020,QP,0,3,26,9,0,0,0,0,0,0,0,0,1
3065,2,2020,QP,0,32,10,23,0,0,0,0,0,0,0,0,1
3067,3,2020,B5,0,8,0,0,0,0,0,0,0,0,0,0,1
3068,11,2020,QP,0,1,1,0,0,0,0,0,0,0,0,0,1
3069,11,2020,QP,0,2,1,2,0,0,0,0,0,0,0,0,1
3070,11,2020,QP,0,7,16,49,0,0,0,0,0,0,0,0,1
3071,11,2020,QP,0,10,36,15,0,0,0,0,0,0,0,0,1
3072,11,2020,QP,0,14,8,11,0,0,0,0,0,0,0,0,1
3073,11,2020,QP,13,2,2,4,0,0,0,0,0,0,0,0,1
3074,2,2020,QP,0,28,14,20,0,0,0,0,0,0,0,0,1
3077,11,2020,B5,15,1,2,1,0,0,0,0,0,0,0,0,1
3081,11,2020,QP,13,1,2,2,0,0,0,0,0,0,0,0,1
3084,11,2020,QP,0,9,5,7,0,0,0,0,0,0,0,0,1
3086,11,2020,QP,0,3,7,6,0,0,0,0,0,0,0,0,1
3087,11,2020,QP,0,34,20,43,0,0,0,0,0,0,0,0,1
3088,2,2020,QP,0,29,14,28,0,0,0,0,0,0,0,0,1
3090,11,2020,QP,-6,1,12,15,0,0,0,0,0,0,0,0,1
3091,11,2020,QP,0,21,5,17,0,0,0,0,0,0,0,0,1
3092,2,2020,QP,0,27,15,18,0,0,0,0,0,0,0,0,1
3096,11,2020,QP,-9,4,2,7,0,0,0,0,0,0,0,0,1
3097,11,2020,QP,0,4,8,2,0,0,0,0,0,0,0,0,1
3098,2,2020,QP,0,2,9,1,0,0,0,0,0,0,0,0,1
3099,2,2020,QP,0,33,3,21,0,1,0,0,0,0,0,0,1
3101,11,2020,B5,15,2,3,0,0,0,0,0,0,0,0,0,1
3103,11,2020,QP,0,18,7,36,0,0,0,0,0,0,0,0,1
3104,2,2020,QP,-6,1,25,51,0,0,1,0,0,0,0,0,1
3107,2,2020,QP,0,25,4,4,0,0,0,0,0,0,0,0,1
3108,2,2020,QP,0,26,30,11,0,0,0,0,0,0,0,0,1
3110,3,2020,B5,15,1,0,0,0,0,1,0,0,0,0,0,1
3115,11,2020,QP,0,5,4,1,0,0,0,0,0,0,0,0,1
3116,11,2020,QP,0,6,12,6,0,0,0,0,0,0,0,0,1
3117,11,2020,QP,0,12,30,9,0,0,0,0,0,0,0,0,1
3118,11,2020,QP,0,13,4,3,0,0,0,0,0,0,0,0,1
3119,11,2020,QP,0,15,2,3,0,0,0,0,0,0,0,0,1
3120,11,2020,QP,0,17,1,13,0,0,0,0,0,0,0,0,1
3121,2,2020,QP,0,13,33,5,0,0,0,0,0,0,0,0,1
3122,2,2020,QP,0,20,14,10,0,0,0,0,0,0,0,0,1
3125,2,2020,QP,-6,2,34,31,0,0,0,0,0,0,0,0,1
3126,2,2020,QP,0,1,4,4,0,0,0,0,0,0,0,0,1
3127,2,2020,QP,0,23,35,4,0,0,1,0,0,0,0,0,1
3130,11,2020,QP,0,19,11,15,0,0,0,0,0,0,0,0,1
3131,2,2020,QP,0,34,9,58,0,1,0,0,0,0,0,0,1
3133,2,2020,QP,0,7,5,10,0,0,0,0,0,0,0,0,1
3134,2,2020,QP,0,9,7,3,0,0,0,0,0,0,0,0,1
3135,2,2020,QP,8,1,85,41,0,0,0,0,0,0,0,0,1
3139,3,2020,B5,13,2,6,4,0,0,0,0,0,0,0,0,1
3140,11,2020,QP,0,16,8,7,0,0,0,0,0,0,0,0,1
3141,11,2020,QP,0,28,9,7,0,0,0,0,0,0,0,0,1
3142,2,2020,QP,0,4,6,5,0,0,0,0,0,0,0,0,1
3143,2,2020,QP,0,8,21,5,0,0,2,0,0,0,0,0,1
3144,2,2020,QP,0,5,12,11,0,0,0,0,0,0,0,0,1
3145,2,2020,QP,0,11,20,2,0,0,2,0,0,0,0,0,1
3146,2,2020,QP,0,21,17,37,0,0,0,0,0,0,0,0,1
3149,11,2020,QP,0,20,5,28,0,0,0,0,0,0,0,0,1
3150,11,2020,QP,0,33,3,12,0,0,0,0,0,0,0,0,1
3151,2,2020,QP,0,12,16,13,0,0,0,0,0,0,0,0,1
3152,2,2020,QP,0,6,0,3,0,0,0,0,0,1,0,0,1
3153,2,2020,QP,0,22,0,4,0,0,0,0,0,0,0,0,1
3154,2,2020,QP,0,24,54,7,0,0,0,0,0,0,0,0,1
3155,2,2020,QP,8,2,8,58,0,0,0,0,0,0,0,0,1
3160,11,2020,QP,8,1,40,46,0,0,1,0,0,0,0,0,1
3162,11,2020,B5,15,4,2,0,0,1,0,0,0,0,0,0,1
3163,11,2020,QP,0,29,0,35,0,0,0,0,0,0,0,0,1
3164,2,2020,QP,-6,3,2,4,0,0,3,0,0,0,0,0,1
3166,3,2020,B5,0,6,0,1,0,4,3,0,0,0,0,0,1
3168,11,2020,QP,0,24,7,2,0,1,0,0,0,0,0,0,1
3169,11,2020,QP,0,30,7,10,0,0,0,0,0,0,0,0,1
3170,2,2020,QP,0,10,35,1,0,0,0,0,0,0,0,0,1
3173,11,2020,QP,8,2,46,69,0,0,0,0,0,0,0,0,1
3174,2,2020,QP,0,15,45,0,0,0,0,0,0,0,0,0,1
3176,11,2020,QP,0,11,30,9,0,0,0,0,0,0,0,0,1
3177,11,2020,QP,0,25,8,3,0,0,0,0,0,0,0,0,1
3179,11,2020,QP,0,23,11,23,0,0,0,0,0,0,0,0,1
3180,2,2020,QP,0,14,10,4,0,1,0,0,0,0,0,0,1
3182,3,2020,B5,15,3,4,0,0,0,0,0,0,0,0,0,1
3183,11,2020,QP,-9,3,18,18,0,1,1,0,0,0,0,0,1
3184,11,2020,QP,0,22,26,11,0,0,0,0,0,0,0,0,1
3186,2,2020,QP,-9,3,12,6,0,1,2,0,0,0,0,0,1
3189,11,2020,QP,0,27,22,17,0,0,0,0,0,0,0,0,1
3190,3,2020,B5,15,2,8,0,0,0,0,0,0,0,0,0,1
3191,2,2020,QP,0,18,8,3,0,0,0,0,0,0,0,0,1
3192,2,2020,QP,8,3,57,28,0,0,0,0,0,0,0,0,1
3193,3,2020,B5,13,3,3,1,0,0,2,0,0,0,0,0,1
3194,11,2020,QP,-6,3,11,1,0,0,0,0,0,0,0,0,1
3196,11,2020,B5,13,4,3,0,0,3,0,0,0,0,0,0,1
3197,11,2020,QP,-6,2,12,12,0,0,1,0,0,0,0,0,1
3198,11,2020,QP,0,26,7,20,0,0,0,0,0,0,0,0,1
3199,11,2020,QP,0,32,20,11,0,1,0,0,0,0,0,0,1
3201,11,2020,B5,0,1,0,3,0,0,1,0,0,0,0,0,1
3202,11,2020,QP,8,3,51,27,0,0,1,0,0,0,0,0,1
3203,2,2020,QP,0,17,13,0,0,2,1,0,0,0,0,0,1
3204,2,2020,QP,0,19,5,5,0,0,0,0,0,0,0,0,1
3206,11,2020,B5,13,1,3,1,0,0,0,0,0,0,0,0,1
3207,11,2020,B5,13,2,0,1,0,0,0,0,0,0,0,0,1
3208,3,2020,B5,13,1,5,0,0,0,0,0,0,0,0,0,1
3209,2,2020,QP,0,16,43,4,0,1,0,0,0,0,0,0,1
3211,11,2020,B5,15,3,0,0,0,0,0,0,0,0,0,0,1
3212,11,2020,QP,-9,2,14,29,0,0,1,0,0,0,0,0,1
3213,2,2020,QP,-9,6,0,0,0,0,0,0,0,0,0,0,1
3214,3,2020,B5,15,4,0,0,0,0,1,0,0,0,0,0,1
3215,3,2020,B5,0,5,0,0,0,0,0,0,0,0,0,0,1
3216,11,2020,QP,0,31,8,0,0,1,0,0,0,0,0,0,1
3218,3,2020,B5,13,4,10,2,0,3,0,0,0,0,0,0,1
3219,11,2020,B5,13,3,2,2,0,1,0,0,0,0,0,0,1
3220,2,2020,QP,-9,2,14,13,0,0,1,0,0,0,0,0,1
3221,2,2020,QP,-9,1,10,12,0,0,1,0,0,0,0,0,1
3223,3,2020,B5,13,5,13,1,0,0,1,0,0,0,0,0,1
3226,3,2020,B5,0,4,0,2,0,0,2,0,0,0,0,0,1
3227,11,2020,B5,0,2,0,0,0,0,0,0,0,0,0,0,1
3228,11,2020,QP,-9,5,11,3,0,0,0,0,0,0,0,0,1
3229,11,2020,B5,0,5,0,0,0,0,2,0,0,0,0,0,1
3230,3,2020,B5,0,1,0,1,0,0,1,0,0,0,0,0,1
3232,11,2020,B5,0,3,0,0,0,0,0,0,0,0,0,0,1
3233,11,2020,QP,-9,1,13,3,0,0,0,0,0,0,0,0,1
3235,11,2020,B5,0,7,0,1,0,0,2,0,0,0,0,0,1
3236,11,2020,B5,0,8,0,0,0,0,0,0,0,0,0,0,1
3238,3,2020,B5,0,2,0,0,0,0,1,0,0,0,0,0,1
3240,2,2020,QP,-9,4,9,22,0,0,2,0,0,0,0,0,1
3241,11,2020,B5,0,4,0,2,0,1,0,0,0,0,0,0,1
3242,11,2020,B5,0,6,0,0,0,0,0,0,0,0,0,0,1
3243,11,2020,B5,13,5,0,2,0,2,0,0,0,0,0,0,1
3245,3,2020,B5,0,3,0,1,0,1,0,0,0,0,0,0,1
3246,2,2020,QP,-9,5,17,10,0,0,4,0,0,0,0,0,1
3247,3,2020,B5,0,7,0,3,0,0,0,0,0,0,0,0,1
3327,3,2021,B5,0,2,0,0,0,0,0,0,0,0,0,0,1
3328,3,2021,B5,0,1,0,1,0,0,0,0,0,0,0,0,1
3329,3,2021,B5,0,3,0,0,0,0,0,0,0,0,0,0,1
3330,3,2021,B5,0,4,0,2,0,0,0,0,0,0,0,0,1
3331,3,2021,B5,0,5,0,0,0,0,0,0,0,0,0,0,1
3332,3,2021,B5,0,6,0,0,0,0,0,0,0,0,0,0,1
3333,3,2021,B5,0,7,0,0,0,0,0,0,0,0,0,0,1
3334,3,2021,B5,0,8,0,0,0,0,0,0,0,0,0,0,1
3335,3,2021,B5,8,1,0,0,0,0,0,0,0,0,0,0,1
3336,3,2021,B5,8,2,0,0,0,0,0,0,0,0,0,0,1
3337,3,2021,B5,13,1,10,8,0,0,0,0,0,0,0,0,1
3338,3,2021,B5,13,3,3,1,0,0,0,0,0,0,0,0,1
3339,3,2021,B5,13,2,19,5,0,0,0,0,0,0,0,0,1
3340,3,2021,B5,13,4,3,0,0,0,0,0,0,0,0,0,1
3341,3,2021,B5,13,5,14,9,0,0,0,0,0,0,0,0,1
3342,3,2021,B5,15,1,4,0,0,0,0,0,0,0,0,0,1
3343,3,2021,B5,15,3,2,0,0,0,0,0,0,0,0,0,1
3344,3,2021,B5,15,2,5,1,0,0,0,0,0,0,0,0,1
3345,3,2021,B5,15,4,0,1,0,0,0,0,0,0,0,0,1
3346,11,2021,B5,0,1,0,0,0,0,0,0,0,0,0,0,1
3347,11,2021,B5,0,4,0,3,0,0,0,0,0,0,0,0,1
3348,11,2021,B5,0,2,0,1,0,1,0,0,0,0,0,0,1
3349,11,2021,B5,0,3,0,1,0,0,0,0,0,6,0,0,1
3350,11,2021,B5,0,5,0,0,0,0,0,0,0,1,0,0,1
3351,11,2021,B5,0,6,0,0,0,3,0,0,0,0,0,0,1
3352,11,2021,B5,0,7,0,0,0,0,0,0,0,1,0,0,1
3353,11,2021,B5,0,8,0,0,0,0,0,0,0,1,0,1,1
3354,11,2021,B5,8,2,0,0,0,0,0,0,0,0,0,0,1
3355,11,2021,B5,8,1,0,0,0,0,0,0,0,0,0,0,1
3356,11,2021,B5,13,1,0,2,0,0,0,0,0,0,0,0,1
3357,11,2021,B5,13,3,1,0,0,1,0,0,0,0,0,0,1
3358,11,2021,B5,13,5,5,0,0,0,0,0,0,0,0,0,1
3359,11,2021,B5,13,4,9,4,0,0,0,0,0,0,0,0,1
3360,11,2021,B5,13,2,3,1,0,0,1,0,0,1,0,0,1
3361,11,2021,B5,15,1,0,1,0,2,0,0,0,0,0,0,1
3362,11,2021,B5,15,4,0,0,0,0,0,0,0,0,0,0,1
3363,11,2021,B5,15,2,1,0,0,1,0,0,0,0,0,0,1
3364,11,2021,B5,15,3,0,0,0,0,0,0,0,0,0,0,1
3365,3,2021,QP,-9,1,8,10,0,0,0,0,0,0,0,0,1
3366,3,2021,QP,-9,1,1,0,0,0,0,0,0,0,0,0,1
3367,3,2021,QP,-9,3,27,6,0,0,0,0,0,0,0,0,1
3368,3,2021,QP,-9,5,6,4,0,0,0,0,0,0,0,0,1
3369,3,2021,QP,-9,2,13,24,0,0,0,0,0,0,0,0,1
3370,3,2021,QP,-9,3,16,13,0,0,0,0,0,0,0,0,1
3371,3,2021,QP,-9,2,20,22,0,0,0,0,0,0,0,0,1
3372,3,2021,QP,-9,4,4,2,0,0,0,0,0,0,0,0,1
3373,3,2021,QP,-6,2,0,0,0,0,0,0,0,0,0,0,1
3374,3,2021,QP,-6,1,7,2,0,0,0,0,0,0,0,0,1
3375,3,2021,QP,-6,3,0,18,0,0,0,0,0,0,0,0,1
3376,3,2021,QP,-6,1,16,34,0,0,0,0,0,0,0,0,1
3377,3,2021,QP,-6,2,12,4,0,0,0,0,0,0,0,0,1
3378,3,2021,QP,-6,3,4,5,0,0,0,0,0,0,0,0,1
3379,3,2021,QP,0,32,0,0,0,0,0,0,0,0,0,0,1
3380,3,2021,QP,0,1,9,29,0,0,0,0,0,0,0,0,1
3381,3,2021,QP,0,33,20,62,0,0,0,0,0,0,0,0,1
3382,3,2021,QP,0,31,5,36,0,0,0,0,0,0,0,0,1
3383,3,2021,QP,0,3,8,10,0,0,0,0,0,0,0,0,1
3384,3,2021,QP,0,7,5,4,0,0,0,0,0,0,0,0,1
3385,3,2021,QP,0,34,24,95,0,0,0,0,0,0,0,0,1
3386,3,2021,QP,0,28,11,61,0,0,0,0,0,0,0,0,1
3387,3,2021,QP,0,5,3,12,0,0,0,0,0,0,0,0,1
3388,3,2021,QP,0,24,26,28,0,0,0,0,0,0,0,0,1
3389,3,2021,QP,0,8,3,24,0,0,0,0,0,0,0,0,1
3390,3,2021,QP,0,11,26,29,0,0,0,0,0,0,0,0,1
3391,3,2021,QP,0,30,15,10,0,0,0,0,0,0,0,0,1
3392,3,2021,QP,0,2,12,6,0,0,0,0,0,0,0,0,1
3393,3,2021,QP,0,10,6,7,0,0,0,0,0,0,0,0,1
3394,3,2021,QP,0,20,2,11,0,0,0,0,0,0,0,0,1
3395,3,2021,QP,0,4,5,9,0,0,0,0,0,0,0,0,1
3396,3,2021,QP,0,25,0,5,0,0,0,0,0,0,0,0,1
3397,3,2021,QP,0,29,67,26,0,0,0,0,0,0,0,0,1
3398,3,2021,QP,0,9,4,0,0,0,0,0,0,0,0,0,1
3399,3,2021,QP,0,15,5,0,0,0,0,0,0,0,0,0,1
3400,3,2021,QP,0,14,3,6,0,0,0,0,0,0,0,0,1
3401,3,2021,QP,0,6,12,0,0,0,0,0,0,0,0,0,1
3402,3,2021,QP,0,12,26,19,0,0,0,0,0,0,0,0,1
3403,3,2021,QP,0,17,6,16,0,0,0,0,0,0,0,0,1
3404,3,2021,QP,0,19,8,6,0,0,0,0,0,0,0,0,1
3405,3,2021,QP,0,13,14,14,0,0,0,0,0,0,0,0,1
3406,3,2021,QP,0,26,10,8,0,0,0,0,0,0,0,0,1
3407,3,2021,QP,0,27,52,61,0,0,0,0,0,0,0,0,1
3408,3,2021,QP,0,22,13,3,0,0,0,0,0,0,0,0,1
3409,3,2021,QP,0,16,5,1,0,0,0,0,0,0,0,0,1
3410,3,2021,QP,0,23,29,8,0,0,0,0,0,0,0,0,1
3411,3,2021,QP,0,18,24,9,0,0,0,0,0,0,0,0,1
3412,3,2021,QP,0,21,33,12,0,0,0,0,0,0,0,0,1
3413,3,2021,QP,8,1,6,38,0,0,0,0,0,0,0,0,1
3414,3,2021,QP,8,3,3,11,0,0,0,0,0,0,0,0,1
3415,3,2021,QP,8,2,24,38,0,0,0,0,0,0,0,0,1
3416,3,2021,QP,13,2,0,0,0,0,0,0,0,0,0,0,1
3417,3,2021,QP,13,1,0,0,0,0,0,0,0,0,0,0,1
3418,3,2021,QP,15,1,1,0,0,0,0,0,0,0,0,0,1
3419,3,2021,QP,15,2,1,1,0,0,0,0,0,0,0,0,1
3420,3,2021,QP,15,3,2,3,0,0,0,0,0,0,0,0,1
3421,11,2021,QP,-9,4,4,6,0,1,0,0,0,0,0,0,1
3422,11,2021,QP,-9,2,20,13,0,0,0,0,0,0,0,0,1
3423,11,2021,QP,-9,1,20,33,0,0,0,0,0,2,0,0,1
3424,11,2021,QP,-9,3,3,7,0,1,0,0,0,0,0,0,1
3425,11,2021,QP,-9,5,8,16,0,0,1,0,0,1,0,0,1
3426,11,2021,QP,-6,1,11,27,0,0,0,0,0,1,0,0,1
3427,11,2021,QP,-6,2,6,1,0,0,0,0,0,0,0,0,1
3428,11,2021,QP,-6,3,9,26,0,0,0,0,0,1,0,0,1
3429,11,2021,QP,0,28,1,9,0,1,0,0,0,0,0,0,1
3430,11,2021,QP,0,24,4,11,0,0,0,0,0,0,0,0,1
3431,11,2021,QP,0,25,5,25,0,0,0,0,0,0,0,0,1
3432,11,2021,QP,0,26,0,2,0,0,0,0,0,0,0,0,1
3433,11,2021,QP,0,29,3,49,0,0,0,0,0,0,0,0,1
3434,11,2021,QP,0,23,3,16,0,0,0,0,0,0,0,0,1
3435,11,2021,QP,0,31,5,3,0,0,0,0,0,0,0,0,1
3436,11,2021,QP,0,32,22,6,0,0,0,0,0,0,0,0,1
3437,11,2021,QP,0,1,7,1,0,0,0,0,0,0,0,0,1
3438,11,2021,QP,0,2,13,12,0,0,0,0,0,0,0,0,1
3439,11,2021,QP,0,3,1,0,0,0,0,0,0,0,0,0,1
3440,11,2021,QP,0,22,12,2,0,0,0,0,0,0,0,0,1
3441,11,2021,QP,0,27,22,73,0,0,0,0,0,0,0,0,1
3442,11,2021,QP,0,4,2,2,0,0,0,0,0,0,0,0,1
3443,11,2021,QP,0,17,12,15,0,0,0,0,0,0,0,0,1
3444,11,2021,QP,0,11,11,1,0,0,1,0,0,0,0,0,1
3445,11,2021,QP,0,21,16,56,0,0,0,0,0,0,0,0,1
3446,11,2021,QP,0,18,47,38,0,0,0,0,0,0,0,0,1
3447,11,2021,QP,0,19,4,20,0,0,0,0,0,0,0,0,1
3448,11,2021,QP,0,33,17,58,0,0,0,0,0,0,0,0,1
3449,11,2021,QP,0,6,34,11,0,0,0,0,0,0,0,0,1
3450,11,2021,QP,0,8,14,11,0,0,0,0,0,0,0,0,1
3451,11,2021,QP,0,5,13,3,0,0,0,0,0,0,0,0,1
3452,11,2021,QP,0,12,8,2,0,0,0,0,0,0,0,0,1
3453,11,2021,QP,0,14,8,15,0,0,0,0,0,0,0,0,1
3454,11,2021,QP,0,7,18,6,0,0,0,0,0,0,0,0,1
3455,11,2021,QP,0,20,12,20,0,0,0,0,0,0,0,0,1
3456,11,2021,QP,0,30,7,21,0,0,0,0,0,0,0,0,1
3457,11,2021,QP,0,34,32,33,0,0,0,0,0,0,0,0,1
3458,11,2021,QP,0,9,5,11,0,0,0,0,0,0,0,0,1
3459,11,2021,QP,0,13,18,24,0,0,0,0,0,0,0,0,1
3460,11,2021,QP,0,15,18,5,0,0,0,0,0,0,0,0,1
3461,11,2021,QP,0,10,20,3,0,0,0,0,0,0,0,0,1
3462,11,2021,QP,0,16,12,10,0,0,0,0,0,0,0,0,1
3463,11,2021,QP,8,1,103,29,0,0,0,0,0,0,0,0,1
3464,11,2021,QP,8,2,23,14,0,0,1,0,0,0,0,0,1
3465,11,2021,QP,8,3,30,36,0,0,0,0,0,0,0,0,1
3466,11,2021,QP,13,2,11,8,0,0,0,0,0,0,0,0,1
3467,11,2021,QP,13,1,2,4,0,0,0,0,0,0,0,0,1
3468,11,2021,QP,15,3,1,1,0,0,0,0,0,0,0,0,1
3469,11,2021,QP,15,1,1,1,0,0,0,0,0,0,0,0,1
3470,11,2021,QP,15,2,6,26,0,0,0,0,1,0,0,0,1
